[2025-05-28 01:01:54] Utilisation des données réelles de ProgressionLive []
[2025-05-28 01:01:54] Démarrage de la requête pour l'installation {
    "ins": "INS011658"
}
[2025-05-28 01:01:54] Configuration chargée []
[2025-05-28 01:01:54] URLs du service {
    "baseUrl": "https:\/\/garychartrand.progressionlive.com",
    "serviceUrl": "https:\/\/garychartrand.progressionlive.com\/server\/ws\/v2\/ProgressionWebService"
}
[2025-05-28 01:01:54] Création du service SOAP []
[2025-05-28 01:01:54] Service SOAP créé []
[2025-05-28 01:01:54] Informations d'identification créées {
    "username": "pierre@garychartrand.com"
}
[2025-05-28 01:01:54] Tentative de connexion []
[2025-05-28 01:01:54] Connexion réussie []
[2025-05-28 01:01:54] Recherche de la tâche {
    "installation": "INS011658"
}
[2025-05-28 01:01:54] Envoi de la requête SearchRecords []
[2025-05-28 01:01:54] Réponse de SearchRecords reçue []
[2025-05-28 01:01:54] Tâche trouvée {
    "task_id": 11658
}
[2025-05-28 01:01:54] Recherche des pièces jointes []
[2025-05-28 01:01:54] Envoi de la requête pour les pièces jointes {
    "task_id": 11658,
    "request": {
        "parentId": 11658,
        "recordType": "TASK_ATTACHMENT",
        "query": "parent.id = :parentId"
    }
}
[2025-05-28 01:01:55] Réponse reçue pour les pièces jointes {
    "has_records": true,
    "response_type": "object"
}
[2025-05-28 01:01:55] Structure de la réponse {
    "methods": [
        "__construct",
        "getRecords",
        "setRecords"
    ],
    "properties": []
}
[2025-05-28 01:01:55] Analyse de la réponse pour les pièces jointes {
    "reponse_null": false,
    "has_getRecords_method": true,
    "response_class": "ProgressionWebService\\SearchRecordsResponse"
}
[2025-05-28 01:01:55] Records obtenus {
    "records_null": false
}
[2025-05-28 01:01:55] Pièces jointes trouvées via getRecord() {
    "count": 7
}
[2025-05-28 01:01:55] Traitement du fichier {
    "file_class": "ProgressionWebService\\TaskAttachment",
    "file_methods": [
        "__construct",
        "getTypeRef",
        "setTypeRef",
        "getTitle",
        "setTitle",
        "getDescription",
        "setDescription",
        "getName",
        "setName",
        "getContentType",
        "setContentType",
        "getSize",
        "setSize",
        "getData",
        "setData",
        "getMetas",
        "setMetas",
        "getProperties",
        "setProperties",
        "getTags",
        "setTags",
        "getComments",
        "setComments",
        "getCreatorRef",
        "setCreatorRef",
        "getId",
        "setId",
        "getUID",
        "setUID",
        "getExternalId",
        "setExternalId",
        "getRemoved",
        "setRemoved",
        "getUpdated",
        "setUpdated",
        "getCreated",
        "setCreated"
    ],
    "file_properties": []
}
[2025-05-28 01:01:55] Traitement du fichier {
    "file_class": "ProgressionWebService\\TaskAttachment",
    "file_methods": [
        "__construct",
        "getTypeRef",
        "setTypeRef",
        "getTitle",
        "setTitle",
        "getDescription",
        "setDescription",
        "getName",
        "setName",
        "getContentType",
        "setContentType",
        "getSize",
        "setSize",
        "getData",
        "setData",
        "getMetas",
        "setMetas",
        "getProperties",
        "setProperties",
        "getTags",
        "setTags",
        "getComments",
        "setComments",
        "getCreatorRef",
        "setCreatorRef",
        "getId",
        "setId",
        "getUID",
        "setUID",
        "getExternalId",
        "setExternalId",
        "getRemoved",
        "setRemoved",
        "getUpdated",
        "setUpdated",
        "getCreated",
        "setCreated"
    ],
    "file_properties": []
}
[2025-05-28 01:01:55] Traitement du fichier {
    "file_class": "ProgressionWebService\\TaskAttachment",
    "file_methods": [
        "__construct",
        "getTypeRef",
        "setTypeRef",
        "getTitle",
        "setTitle",
        "getDescription",
        "setDescription",
        "getName",
        "setName",
        "getContentType",
        "setContentType",
        "getSize",
        "setSize",
        "getData",
        "setData",
        "getMetas",
        "setMetas",
        "getProperties",
        "setProperties",
        "getTags",
        "setTags",
        "getComments",
        "setComments",
        "getCreatorRef",
        "setCreatorRef",
        "getId",
        "setId",
        "getUID",
        "setUID",
        "getExternalId",
        "setExternalId",
        "getRemoved",
        "setRemoved",
        "getUpdated",
        "setUpdated",
        "getCreated",
        "setCreated"
    ],
    "file_properties": []
}
[2025-05-28 01:01:55] Traitement du fichier {
    "file_class": "ProgressionWebService\\TaskAttachment",
    "file_methods": [
        "__construct",
        "getTypeRef",
        "setTypeRef",
        "getTitle",
        "setTitle",
        "getDescription",
        "setDescription",
        "getName",
        "setName",
        "getContentType",
        "setContentType",
        "getSize",
        "setSize",
        "getData",
        "setData",
        "getMetas",
        "setMetas",
        "getProperties",
        "setProperties",
        "getTags",
        "setTags",
        "getComments",
        "setComments",
        "getCreatorRef",
        "setCreatorRef",
        "getId",
        "setId",
        "getUID",
        "setUID",
        "getExternalId",
        "setExternalId",
        "getRemoved",
        "setRemoved",
        "getUpdated",
        "setUpdated",
        "getCreated",
        "setCreated"
    ],
    "file_properties": []
}
[2025-05-28 01:01:55] Traitement du fichier {
    "file_class": "ProgressionWebService\\TaskAttachment",
    "file_methods": [
        "__construct",
        "getTypeRef",
        "setTypeRef",
        "getTitle",
        "setTitle",
        "getDescription",
        "setDescription",
        "getName",
        "setName",
        "getContentType",
        "setContentType",
        "getSize",
        "setSize",
        "getData",
        "setData",
        "getMetas",
        "setMetas",
        "getProperties",
        "setProperties",
        "getTags",
        "setTags",
        "getComments",
        "setComments",
        "getCreatorRef",
        "setCreatorRef",
        "getId",
        "setId",
        "getUID",
        "setUID",
        "getExternalId",
        "setExternalId",
        "getRemoved",
        "setRemoved",
        "getUpdated",
        "setUpdated",
        "getCreated",
        "setCreated"
    ],
    "file_properties": []
}
[2025-05-28 01:01:55] Traitement du fichier {
    "file_class": "ProgressionWebService\\TaskAttachment",
    "file_methods": [
        "__construct",
        "getTypeRef",
        "setTypeRef",
        "getTitle",
        "setTitle",
        "getDescription",
        "setDescription",
        "getName",
        "setName",
        "getContentType",
        "setContentType",
        "getSize",
        "setSize",
        "getData",
        "setData",
        "getMetas",
        "setMetas",
        "getProperties",
        "setProperties",
        "getTags",
        "setTags",
        "getComments",
        "setComments",
        "getCreatorRef",
        "setCreatorRef",
        "getId",
        "setId",
        "getUID",
        "setUID",
        "getExternalId",
        "setExternalId",
        "getRemoved",
        "setRemoved",
        "getUpdated",
        "setUpdated",
        "getCreated",
        "setCreated"
    ],
    "file_properties": []
}
[2025-05-28 01:01:55] Traitement du fichier {
    "file_class": "ProgressionWebService\\TaskAttachment",
    "file_methods": [
        "__construct",
        "getTypeRef",
        "setTypeRef",
        "getTitle",
        "setTitle",
        "getDescription",
        "setDescription",
        "getName",
        "setName",
        "getContentType",
        "setContentType",
        "getSize",
        "setSize",
        "getData",
        "setData",
        "getMetas",
        "setMetas",
        "getProperties",
        "setProperties",
        "getTags",
        "setTags",
        "getComments",
        "setComments",
        "getCreatorRef",
        "setCreatorRef",
        "getId",
        "setId",
        "getUID",
        "setUID",
        "getExternalId",
        "setExternalId",
        "getRemoved",
        "setRemoved",
        "getUpdated",
        "setUpdated",
        "getCreated",
        "setCreated"
    ],
    "file_properties": []
}
[2025-05-28 01:01:55] Résultat final de la recherche de pièces jointes {
    "count": 7,
    "attachments": [
        {
            "id": 30407,
            "name": "SOU011485.pdf",
            "size": 16367,
            "isTargetFile": false
        },
        {
            "id": 30432,
            "name": "EMPL_EXT.jpg",
            "size": 452549,
            "isTargetFile": false
        },
        {
            "id": 30433,
            "name": "EMPL_INT.jpg",
            "size": 284502,
            "isTargetFile": false
        },
        {
            "id": 30434,
            "name": "ESPACE_INT.jpg",
            "size": 149939,
            "isTargetFile": false
        },
        {
            "id": 30435,
            "name": "EXEMPLE_EXT.png",
            "size": 236941,
            "isTargetFile": false
        },
        {
            "id": 30436,
            "name": "PANNEAU.jpg",
            "size": 330636,
            "isTargetFile": false
        },
        {
            "id": 30440,
            "name": "PLAN.pdf",
            "size": 330364,
            "isTargetFile": false
        }
    ]
}
[2025-05-28 01:01:55] Réponse finale {
    "files_count": 7
}
[2025-05-28 01:02:54] Utilisation des données réelles de ProgressionLive []
[2025-05-28 01:02:54] Démarrage de la requête pour l'installation {
    "ins": "INS011658"
}
[2025-05-28 01:02:54] Configuration chargée []
[2025-05-28 01:02:54] URLs du service {
    "baseUrl": "https:\/\/garychartrand.progressionlive.com",
    "serviceUrl": "https:\/\/garychartrand.progressionlive.com\/server\/ws\/v2\/ProgressionWebService"
}
[2025-05-28 01:02:54] Création du service SOAP []
[2025-05-28 01:02:54] Service SOAP créé []
[2025-05-28 01:02:54] Informations d'identification créées {
    "username": "pierre@garychartrand.com"
}
[2025-05-28 01:02:54] Tentative de connexion []
[2025-05-28 01:02:54] Connexion réussie []
[2025-05-28 01:02:54] Recherche de la tâche {
    "installation": "INS011658"
}
[2025-05-28 01:02:54] Envoi de la requête SearchRecords []
[2025-05-28 01:02:54] Réponse de SearchRecords reçue []
[2025-05-28 01:02:54] Tâche trouvée {
    "task_id": 11658
}
[2025-05-28 01:02:54] Recherche des pièces jointes []
[2025-05-28 01:02:54] Envoi de la requête pour les pièces jointes {
    "task_id": 11658,
    "request": {
        "parentId": 11658,
        "recordType": "TASK_ATTACHMENT",
        "query": "parent.id = :parentId"
    }
}
[2025-05-28 01:02:55] Réponse reçue pour les pièces jointes {
    "has_records": true,
    "response_type": "object"
}
[2025-05-28 01:02:55] Structure de la réponse {
    "methods": [
        "__construct",
        "getRecords",
        "setRecords"
    ],
    "properties": []
}
[2025-05-28 01:02:55] Analyse de la réponse pour les pièces jointes {
    "reponse_null": false,
    "has_getRecords_method": true,
    "response_class": "ProgressionWebService\\SearchRecordsResponse"
}
[2025-05-28 01:02:55] Records obtenus {
    "records_null": false
}
[2025-05-28 01:02:55] Pièces jointes trouvées via getRecord() {
    "count": 7
}
[2025-05-28 01:02:55] Traitement du fichier {
    "file_class": "ProgressionWebService\\TaskAttachment",
    "file_methods": [
        "__construct",
        "getTypeRef",
        "setTypeRef",
        "getTitle",
        "setTitle",
        "getDescription",
        "setDescription",
        "getName",
        "setName",
        "getContentType",
        "setContentType",
        "getSize",
        "setSize",
        "getData",
        "setData",
        "getMetas",
        "setMetas",
        "getProperties",
        "setProperties",
        "getTags",
        "setTags",
        "getComments",
        "setComments",
        "getCreatorRef",
        "setCreatorRef",
        "getId",
        "setId",
        "getUID",
        "setUID",
        "getExternalId",
        "setExternalId",
        "getRemoved",
        "setRemoved",
        "getUpdated",
        "setUpdated",
        "getCreated",
        "setCreated"
    ],
    "file_properties": []
}
[2025-05-28 01:02:55] Traitement du fichier {
    "file_class": "ProgressionWebService\\TaskAttachment",
    "file_methods": [
        "__construct",
        "getTypeRef",
        "setTypeRef",
        "getTitle",
        "setTitle",
        "getDescription",
        "setDescription",
        "getName",
        "setName",
        "getContentType",
        "setContentType",
        "getSize",
        "setSize",
        "getData",
        "setData",
        "getMetas",
        "setMetas",
        "getProperties",
        "setProperties",
        "getTags",
        "setTags",
        "getComments",
        "setComments",
        "getCreatorRef",
        "setCreatorRef",
        "getId",
        "setId",
        "getUID",
        "setUID",
        "getExternalId",
        "setExternalId",
        "getRemoved",
        "setRemoved",
        "getUpdated",
        "setUpdated",
        "getCreated",
        "setCreated"
    ],
    "file_properties": []
}
[2025-05-28 01:02:55] Traitement du fichier {
    "file_class": "ProgressionWebService\\TaskAttachment",
    "file_methods": [
        "__construct",
        "getTypeRef",
        "setTypeRef",
        "getTitle",
        "setTitle",
        "getDescription",
        "setDescription",
        "getName",
        "setName",
        "getContentType",
        "setContentType",
        "getSize",
        "setSize",
        "getData",
        "setData",
        "getMetas",
        "setMetas",
        "getProperties",
        "setProperties",
        "getTags",
        "setTags",
        "getComments",
        "setComments",
        "getCreatorRef",
        "setCreatorRef",
        "getId",
        "setId",
        "getUID",
        "setUID",
        "getExternalId",
        "setExternalId",
        "getRemoved",
        "setRemoved",
        "getUpdated",
        "setUpdated",
        "getCreated",
        "setCreated"
    ],
    "file_properties": []
}
[2025-05-28 01:02:55] Traitement du fichier {
    "file_class": "ProgressionWebService\\TaskAttachment",
    "file_methods": [
        "__construct",
        "getTypeRef",
        "setTypeRef",
        "getTitle",
        "setTitle",
        "getDescription",
        "setDescription",
        "getName",
        "setName",
        "getContentType",
        "setContentType",
        "getSize",
        "setSize",
        "getData",
        "setData",
        "getMetas",
        "setMetas",
        "getProperties",
        "setProperties",
        "getTags",
        "setTags",
        "getComments",
        "setComments",
        "getCreatorRef",
        "setCreatorRef",
        "getId",
        "setId",
        "getUID",
        "setUID",
        "getExternalId",
        "setExternalId",
        "getRemoved",
        "setRemoved",
        "getUpdated",
        "setUpdated",
        "getCreated",
        "setCreated"
    ],
    "file_properties": []
}
[2025-05-28 01:02:55] Traitement du fichier {
    "file_class": "ProgressionWebService\\TaskAttachment",
    "file_methods": [
        "__construct",
        "getTypeRef",
        "setTypeRef",
        "getTitle",
        "setTitle",
        "getDescription",
        "setDescription",
        "getName",
        "setName",
        "getContentType",
        "setContentType",
        "getSize",
        "setSize",
        "getData",
        "setData",
        "getMetas",
        "setMetas",
        "getProperties",
        "setProperties",
        "getTags",
        "setTags",
        "getComments",
        "setComments",
        "getCreatorRef",
        "setCreatorRef",
        "getId",
        "setId",
        "getUID",
        "setUID",
        "getExternalId",
        "setExternalId",
        "getRemoved",
        "setRemoved",
        "getUpdated",
        "setUpdated",
        "getCreated",
        "setCreated"
    ],
    "file_properties": []
}
[2025-05-28 01:02:55] Traitement du fichier {
    "file_class": "ProgressionWebService\\TaskAttachment",
    "file_methods": [
        "__construct",
        "getTypeRef",
        "setTypeRef",
        "getTitle",
        "setTitle",
        "getDescription",
        "setDescription",
        "getName",
        "setName",
        "getContentType",
        "setContentType",
        "getSize",
        "setSize",
        "getData",
        "setData",
        "getMetas",
        "setMetas",
        "getProperties",
        "setProperties",
        "getTags",
        "setTags",
        "getComments",
        "setComments",
        "getCreatorRef",
        "setCreatorRef",
        "getId",
        "setId",
        "getUID",
        "setUID",
        "getExternalId",
        "setExternalId",
        "getRemoved",
        "setRemoved",
        "getUpdated",
        "setUpdated",
        "getCreated",
        "setCreated"
    ],
    "file_properties": []
}
[2025-05-28 01:02:55] Traitement du fichier {
    "file_class": "ProgressionWebService\\TaskAttachment",
    "file_methods": [
        "__construct",
        "getTypeRef",
        "setTypeRef",
        "getTitle",
        "setTitle",
        "getDescription",
        "setDescription",
        "getName",
        "setName",
        "getContentType",
        "setContentType",
        "getSize",
        "setSize",
        "getData",
        "setData",
        "getMetas",
        "setMetas",
        "getProperties",
        "setProperties",
        "getTags",
        "setTags",
        "getComments",
        "setComments",
        "getCreatorRef",
        "setCreatorRef",
        "getId",
        "setId",
        "getUID",
        "setUID",
        "getExternalId",
        "setExternalId",
        "getRemoved",
        "setRemoved",
        "getUpdated",
        "setUpdated",
        "getCreated",
        "setCreated"
    ],
    "file_properties": []
}
[2025-05-28 01:02:55] Résultat final de la recherche de pièces jointes {
    "count": 7,
    "attachments": [
        {
            "id": 30407,
            "name": "SOU011485.pdf",
            "size": 16367,
            "isTargetFile": false
        },
        {
            "id": 30432,
            "name": "EMPL_EXT.jpg",
            "size": 452549,
            "isTargetFile": false
        },
        {
            "id": 30433,
            "name": "EMPL_INT.jpg",
            "size": 284502,
            "isTargetFile": false
        },
        {
            "id": 30434,
            "name": "ESPACE_INT.jpg",
            "size": 149939,
            "isTargetFile": false
        },
        {
            "id": 30435,
            "name": "EXEMPLE_EXT.png",
            "size": 236941,
            "isTargetFile": false
        },
        {
            "id": 30436,
            "name": "PANNEAU.jpg",
            "size": 330636,
            "isTargetFile": false
        },
        {
            "id": 30440,
            "name": "PLAN.pdf",
            "size": 330364,
            "isTargetFile": false
        }
    ]
}
[2025-05-28 01:02:55] Réponse finale {
    "files_count": 7
}
[2025-05-28 01:03:20] Utilisation des données réelles de ProgressionLive []
[2025-05-28 01:03:20] Démarrage de la requête pour l'installation {
    "ins": "INS011658"
}
[2025-05-28 01:03:20] Configuration chargée []
[2025-05-28 01:03:20] URLs du service {
    "baseUrl": "https:\/\/garychartrand.progressionlive.com",
    "serviceUrl": "https:\/\/garychartrand.progressionlive.com\/server\/ws\/v2\/ProgressionWebService"
}
[2025-05-28 01:03:20] Création du service SOAP []
[2025-05-28 01:03:20] Service SOAP créé []
[2025-05-28 01:03:20] Informations d'identification créées {
    "username": "pierre@garychartrand.com"
}
[2025-05-28 01:03:20] Tentative de connexion []
[2025-05-28 01:03:20] Connexion réussie []
[2025-05-28 01:03:20] Recherche de la tâche {
    "installation": "INS011658"
}
[2025-05-28 01:03:20] Envoi de la requête SearchRecords []
[2025-05-28 01:03:20] Réponse de SearchRecords reçue []
[2025-05-28 01:03:20] Tâche trouvée {
    "task_id": 11658
}
[2025-05-28 01:03:20] Recherche des pièces jointes []
[2025-05-28 01:03:20] Envoi de la requête pour les pièces jointes {
    "task_id": 11658,
    "request": {
        "parentId": 11658,
        "recordType": "TASK_ATTACHMENT",
        "query": "parent.id = :parentId"
    }
}
[2025-05-28 01:03:22] Réponse reçue pour les pièces jointes {
    "has_records": true,
    "response_type": "object"
}
[2025-05-28 01:03:22] Structure de la réponse {
    "methods": [
        "__construct",
        "getRecords",
        "setRecords"
    ],
    "properties": []
}
[2025-05-28 01:03:22] Analyse de la réponse pour les pièces jointes {
    "reponse_null": false,
    "has_getRecords_method": true,
    "response_class": "ProgressionWebService\\SearchRecordsResponse"
}
[2025-05-28 01:03:22] Records obtenus {
    "records_null": false
}
[2025-05-28 01:03:22] Pièces jointes trouvées via getRecord() {
    "count": 7
}
[2025-05-28 01:03:22] Traitement du fichier {
    "file_class": "ProgressionWebService\\TaskAttachment",
    "file_methods": [
        "__construct",
        "getTypeRef",
        "setTypeRef",
        "getTitle",
        "setTitle",
        "getDescription",
        "setDescription",
        "getName",
        "setName",
        "getContentType",
        "setContentType",
        "getSize",
        "setSize",
        "getData",
        "setData",
        "getMetas",
        "setMetas",
        "getProperties",
        "setProperties",
        "getTags",
        "setTags",
        "getComments",
        "setComments",
        "getCreatorRef",
        "setCreatorRef",
        "getId",
        "setId",
        "getUID",
        "setUID",
        "getExternalId",
        "setExternalId",
        "getRemoved",
        "setRemoved",
        "getUpdated",
        "setUpdated",
        "getCreated",
        "setCreated"
    ],
    "file_properties": []
}
[2025-05-28 01:03:22] Traitement du fichier {
    "file_class": "ProgressionWebService\\TaskAttachment",
    "file_methods": [
        "__construct",
        "getTypeRef",
        "setTypeRef",
        "getTitle",
        "setTitle",
        "getDescription",
        "setDescription",
        "getName",
        "setName",
        "getContentType",
        "setContentType",
        "getSize",
        "setSize",
        "getData",
        "setData",
        "getMetas",
        "setMetas",
        "getProperties",
        "setProperties",
        "getTags",
        "setTags",
        "getComments",
        "setComments",
        "getCreatorRef",
        "setCreatorRef",
        "getId",
        "setId",
        "getUID",
        "setUID",
        "getExternalId",
        "setExternalId",
        "getRemoved",
        "setRemoved",
        "getUpdated",
        "setUpdated",
        "getCreated",
        "setCreated"
    ],
    "file_properties": []
}
[2025-05-28 01:03:22] Traitement du fichier {
    "file_class": "ProgressionWebService\\TaskAttachment",
    "file_methods": [
        "__construct",
        "getTypeRef",
        "setTypeRef",
        "getTitle",
        "setTitle",
        "getDescription",
        "setDescription",
        "getName",
        "setName",
        "getContentType",
        "setContentType",
        "getSize",
        "setSize",
        "getData",
        "setData",
        "getMetas",
        "setMetas",
        "getProperties",
        "setProperties",
        "getTags",
        "setTags",
        "getComments",
        "setComments",
        "getCreatorRef",
        "setCreatorRef",
        "getId",
        "setId",
        "getUID",
        "setUID",
        "getExternalId",
        "setExternalId",
        "getRemoved",
        "setRemoved",
        "getUpdated",
        "setUpdated",
        "getCreated",
        "setCreated"
    ],
    "file_properties": []
}
[2025-05-28 01:03:22] Traitement du fichier {
    "file_class": "ProgressionWebService\\TaskAttachment",
    "file_methods": [
        "__construct",
        "getTypeRef",
        "setTypeRef",
        "getTitle",
        "setTitle",
        "getDescription",
        "setDescription",
        "getName",
        "setName",
        "getContentType",
        "setContentType",
        "getSize",
        "setSize",
        "getData",
        "setData",
        "getMetas",
        "setMetas",
        "getProperties",
        "setProperties",
        "getTags",
        "setTags",
        "getComments",
        "setComments",
        "getCreatorRef",
        "setCreatorRef",
        "getId",
        "setId",
        "getUID",
        "setUID",
        "getExternalId",
        "setExternalId",
        "getRemoved",
        "setRemoved",
        "getUpdated",
        "setUpdated",
        "getCreated",
        "setCreated"
    ],
    "file_properties": []
}
[2025-05-28 01:03:22] Traitement du fichier {
    "file_class": "ProgressionWebService\\TaskAttachment",
    "file_methods": [
        "__construct",
        "getTypeRef",
        "setTypeRef",
        "getTitle",
        "setTitle",
        "getDescription",
        "setDescription",
        "getName",
        "setName",
        "getContentType",
        "setContentType",
        "getSize",
        "setSize",
        "getData",
        "setData",
        "getMetas",
        "setMetas",
        "getProperties",
        "setProperties",
        "getTags",
        "setTags",
        "getComments",
        "setComments",
        "getCreatorRef",
        "setCreatorRef",
        "getId",
        "setId",
        "getUID",
        "setUID",
        "getExternalId",
        "setExternalId",
        "getRemoved",
        "setRemoved",
        "getUpdated",
        "setUpdated",
        "getCreated",
        "setCreated"
    ],
    "file_properties": []
}
[2025-05-28 01:03:22] Traitement du fichier {
    "file_class": "ProgressionWebService\\TaskAttachment",
    "file_methods": [
        "__construct",
        "getTypeRef",
        "setTypeRef",
        "getTitle",
        "setTitle",
        "getDescription",
        "setDescription",
        "getName",
        "setName",
        "getContentType",
        "setContentType",
        "getSize",
        "setSize",
        "getData",
        "setData",
        "getMetas",
        "setMetas",
        "getProperties",
        "setProperties",
        "getTags",
        "setTags",
        "getComments",
        "setComments",
        "getCreatorRef",
        "setCreatorRef",
        "getId",
        "setId",
        "getUID",
        "setUID",
        "getExternalId",
        "setExternalId",
        "getRemoved",
        "setRemoved",
        "getUpdated",
        "setUpdated",
        "getCreated",
        "setCreated"
    ],
    "file_properties": []
}
[2025-05-28 01:03:22] Traitement du fichier {
    "file_class": "ProgressionWebService\\TaskAttachment",
    "file_methods": [
        "__construct",
        "getTypeRef",
        "setTypeRef",
        "getTitle",
        "setTitle",
        "getDescription",
        "setDescription",
        "getName",
        "setName",
        "getContentType",
        "setContentType",
        "getSize",
        "setSize",
        "getData",
        "setData",
        "getMetas",
        "setMetas",
        "getProperties",
        "setProperties",
        "getTags",
        "setTags",
        "getComments",
        "setComments",
        "getCreatorRef",
        "setCreatorRef",
        "getId",
        "setId",
        "getUID",
        "setUID",
        "getExternalId",
        "setExternalId",
        "getRemoved",
        "setRemoved",
        "getUpdated",
        "setUpdated",
        "getCreated",
        "setCreated"
    ],
    "file_properties": []
}
[2025-05-28 01:03:22] Résultat final de la recherche de pièces jointes {
    "count": 7,
    "attachments": [
        {
            "id": 30407,
            "name": "SOU011485.pdf",
            "size": 16367,
            "isTargetFile": false
        },
        {
            "id": 30432,
            "name": "EMPL_EXT.jpg",
            "size": 452549,
            "isTargetFile": false
        },
        {
            "id": 30433,
            "name": "EMPL_INT.jpg",
            "size": 284502,
            "isTargetFile": false
        },
        {
            "id": 30434,
            "name": "ESPACE_INT.jpg",
            "size": 149939,
            "isTargetFile": false
        },
        {
            "id": 30435,
            "name": "EXEMPLE_EXT.png",
            "size": 236941,
            "isTargetFile": false
        },
        {
            "id": 30436,
            "name": "PANNEAU.jpg",
            "size": 330636,
            "isTargetFile": false
        },
        {
            "id": 30440,
            "name": "PLAN.pdf",
            "size": 330364,
            "isTargetFile": false
        }
    ]
}
[2025-05-28 01:03:22] Réponse finale {
    "files_count": 7
}
[2025-05-28 01:03:26] Utilisation des données réelles de ProgressionLive []
[2025-05-28 01:03:26] Démarrage de la requête pour l'installation {
    "ins": "INS011873"
}
[2025-05-28 01:03:26] Configuration chargée []
[2025-05-28 01:03:26] URLs du service {
    "baseUrl": "https:\/\/garychartrand.progressionlive.com",
    "serviceUrl": "https:\/\/garychartrand.progressionlive.com\/server\/ws\/v2\/ProgressionWebService"
}
[2025-05-28 01:03:26] Création du service SOAP []
[2025-05-28 01:03:26] Service SOAP créé []
[2025-05-28 01:03:26] Informations d'identification créées {
    "username": "pierre@garychartrand.com"
}
[2025-05-28 01:03:26] Tentative de connexion []
[2025-05-28 01:03:26] Connexion réussie []
[2025-05-28 01:03:26] Recherche de la tâche {
    "installation": "INS011873"
}
[2025-05-28 01:03:26] Envoi de la requête SearchRecords []
[2025-05-28 01:03:26] Réponse de SearchRecords reçue []
[2025-05-28 01:03:26] Tâche trouvée {
    "task_id": 11873
}
[2025-05-28 01:03:26] Recherche des pièces jointes []
[2025-05-28 01:03:26] Envoi de la requête pour les pièces jointes {
    "task_id": 11873,
    "request": {
        "parentId": 11873,
        "recordType": "TASK_ATTACHMENT",
        "query": "parent.id = :parentId"
    }
}
[2025-05-28 01:03:26] Réponse reçue pour les pièces jointes {
    "has_records": true,
    "response_type": "object"
}
[2025-05-28 01:03:26] Structure de la réponse {
    "methods": [
        "__construct",
        "getRecords",
        "setRecords"
    ],
    "properties": []
}
[2025-05-28 01:03:26] Analyse de la réponse pour les pièces jointes {
    "reponse_null": false,
    "has_getRecords_method": true,
    "response_class": "ProgressionWebService\\SearchRecordsResponse"
}
[2025-05-28 01:03:26] Records obtenus {
    "records_null": false
}
[2025-05-28 01:03:26] Pièces jointes trouvées via getRecord() {
    "count": 1
}
[2025-05-28 01:03:26] Traitement du fichier {
    "file_class": "ProgressionWebService\\TaskAttachment",
    "file_methods": [
        "__construct",
        "getTypeRef",
        "setTypeRef",
        "getTitle",
        "setTitle",
        "getDescription",
        "setDescription",
        "getName",
        "setName",
        "getContentType",
        "setContentType",
        "getSize",
        "setSize",
        "getData",
        "setData",
        "getMetas",
        "setMetas",
        "getProperties",
        "setProperties",
        "getTags",
        "setTags",
        "getComments",
        "setComments",
        "getCreatorRef",
        "setCreatorRef",
        "getId",
        "setId",
        "getUID",
        "setUID",
        "getExternalId",
        "setExternalId",
        "getRemoved",
        "setRemoved",
        "getUpdated",
        "setUpdated",
        "getCreated",
        "setCreated"
    ],
    "file_properties": []
}
[2025-05-28 01:03:26] Résultat final de la recherche de pièces jointes {
    "count": 1,
    "attachments": [
        {
            "id": 31150,
            "name": "SOU011872.pdf",
            "size": 16440,
            "isTargetFile": false
        }
    ]
}
[2025-05-28 01:03:26] Réponse finale {
    "files_count": 1
}
[2025-05-28 01:03:59] Utilisation des données réelles de ProgressionLive []
[2025-05-28 01:03:59] Démarrage de la requête pour l'installation {
    "ins": "INS011658"
}
[2025-05-28 01:03:59] Configuration chargée []
[2025-05-28 01:03:59] URLs du service {
    "baseUrl": "https:\/\/garychartrand.progressionlive.com",
    "serviceUrl": "https:\/\/garychartrand.progressionlive.com\/server\/ws\/v2\/ProgressionWebService"
}
[2025-05-28 01:03:59] Création du service SOAP []
[2025-05-28 01:03:59] Service SOAP créé []
[2025-05-28 01:03:59] Informations d'identification créées {
    "username": "pierre@garychartrand.com"
}
[2025-05-28 01:03:59] Tentative de connexion []
[2025-05-28 01:03:59] Connexion réussie []
[2025-05-28 01:03:59] Recherche de la tâche {
    "installation": "INS011658"
}
[2025-05-28 01:03:59] Envoi de la requête SearchRecords []
[2025-05-28 01:03:59] Réponse de SearchRecords reçue []
[2025-05-28 01:03:59] Tâche trouvée {
    "task_id": 11658
}
[2025-05-28 01:03:59] Recherche des pièces jointes []
[2025-05-28 01:03:59] Envoi de la requête pour les pièces jointes {
    "task_id": 11658,
    "request": {
        "parentId": 11658,
        "recordType": "TASK_ATTACHMENT",
        "query": "parent.id = :parentId"
    }
}
[2025-05-28 01:04:00] Réponse reçue pour les pièces jointes {
    "has_records": true,
    "response_type": "object"
}
[2025-05-28 01:04:00] Structure de la réponse {
    "methods": [
        "__construct",
        "getRecords",
        "setRecords"
    ],
    "properties": []
}
[2025-05-28 01:04:00] Analyse de la réponse pour les pièces jointes {
    "reponse_null": false,
    "has_getRecords_method": true,
    "response_class": "ProgressionWebService\\SearchRecordsResponse"
}
[2025-05-28 01:04:00] Records obtenus {
    "records_null": false
}
[2025-05-28 01:04:00] Pièces jointes trouvées via getRecord() {
    "count": 7
}
[2025-05-28 01:04:00] Traitement du fichier {
    "file_class": "ProgressionWebService\\TaskAttachment",
    "file_methods": [
        "__construct",
        "getTypeRef",
        "setTypeRef",
        "getTitle",
        "setTitle",
        "getDescription",
        "setDescription",
        "getName",
        "setName",
        "getContentType",
        "setContentType",
        "getSize",
        "setSize",
        "getData",
        "setData",
        "getMetas",
        "setMetas",
        "getProperties",
        "setProperties",
        "getTags",
        "setTags",
        "getComments",
        "setComments",
        "getCreatorRef",
        "setCreatorRef",
        "getId",
        "setId",
        "getUID",
        "setUID",
        "getExternalId",
        "setExternalId",
        "getRemoved",
        "setRemoved",
        "getUpdated",
        "setUpdated",
        "getCreated",
        "setCreated"
    ],
    "file_properties": []
}
[2025-05-28 01:04:00] Traitement du fichier {
    "file_class": "ProgressionWebService\\TaskAttachment",
    "file_methods": [
        "__construct",
        "getTypeRef",
        "setTypeRef",
        "getTitle",
        "setTitle",
        "getDescription",
        "setDescription",
        "getName",
        "setName",
        "getContentType",
        "setContentType",
        "getSize",
        "setSize",
        "getData",
        "setData",
        "getMetas",
        "setMetas",
        "getProperties",
        "setProperties",
        "getTags",
        "setTags",
        "getComments",
        "setComments",
        "getCreatorRef",
        "setCreatorRef",
        "getId",
        "setId",
        "getUID",
        "setUID",
        "getExternalId",
        "setExternalId",
        "getRemoved",
        "setRemoved",
        "getUpdated",
        "setUpdated",
        "getCreated",
        "setCreated"
    ],
    "file_properties": []
}
[2025-05-28 01:04:00] Traitement du fichier {
    "file_class": "ProgressionWebService\\TaskAttachment",
    "file_methods": [
        "__construct",
        "getTypeRef",
        "setTypeRef",
        "getTitle",
        "setTitle",
        "getDescription",
        "setDescription",
        "getName",
        "setName",
        "getContentType",
        "setContentType",
        "getSize",
        "setSize",
        "getData",
        "setData",
        "getMetas",
        "setMetas",
        "getProperties",
        "setProperties",
        "getTags",
        "setTags",
        "getComments",
        "setComments",
        "getCreatorRef",
        "setCreatorRef",
        "getId",
        "setId",
        "getUID",
        "setUID",
        "getExternalId",
        "setExternalId",
        "getRemoved",
        "setRemoved",
        "getUpdated",
        "setUpdated",
        "getCreated",
        "setCreated"
    ],
    "file_properties": []
}
[2025-05-28 01:04:00] Traitement du fichier {
    "file_class": "ProgressionWebService\\TaskAttachment",
    "file_methods": [
        "__construct",
        "getTypeRef",
        "setTypeRef",
        "getTitle",
        "setTitle",
        "getDescription",
        "setDescription",
        "getName",
        "setName",
        "getContentType",
        "setContentType",
        "getSize",
        "setSize",
        "getData",
        "setData",
        "getMetas",
        "setMetas",
        "getProperties",
        "setProperties",
        "getTags",
        "setTags",
        "getComments",
        "setComments",
        "getCreatorRef",
        "setCreatorRef",
        "getId",
        "setId",
        "getUID",
        "setUID",
        "getExternalId",
        "setExternalId",
        "getRemoved",
        "setRemoved",
        "getUpdated",
        "setUpdated",
        "getCreated",
        "setCreated"
    ],
    "file_properties": []
}
[2025-05-28 01:04:00] Traitement du fichier {
    "file_class": "ProgressionWebService\\TaskAttachment",
    "file_methods": [
        "__construct",
        "getTypeRef",
        "setTypeRef",
        "getTitle",
        "setTitle",
        "getDescription",
        "setDescription",
        "getName",
        "setName",
        "getContentType",
        "setContentType",
        "getSize",
        "setSize",
        "getData",
        "setData",
        "getMetas",
        "setMetas",
        "getProperties",
        "setProperties",
        "getTags",
        "setTags",
        "getComments",
        "setComments",
        "getCreatorRef",
        "setCreatorRef",
        "getId",
        "setId",
        "getUID",
        "setUID",
        "getExternalId",
        "setExternalId",
        "getRemoved",
        "setRemoved",
        "getUpdated",
        "setUpdated",
        "getCreated",
        "setCreated"
    ],
    "file_properties": []
}
[2025-05-28 01:04:00] Traitement du fichier {
    "file_class": "ProgressionWebService\\TaskAttachment",
    "file_methods": [
        "__construct",
        "getTypeRef",
        "setTypeRef",
        "getTitle",
        "setTitle",
        "getDescription",
        "setDescription",
        "getName",
        "setName",
        "getContentType",
        "setContentType",
        "getSize",
        "setSize",
        "getData",
        "setData",
        "getMetas",
        "setMetas",
        "getProperties",
        "setProperties",
        "getTags",
        "setTags",
        "getComments",
        "setComments",
        "getCreatorRef",
        "setCreatorRef",
        "getId",
        "setId",
        "getUID",
        "setUID",
        "getExternalId",
        "setExternalId",
        "getRemoved",
        "setRemoved",
        "getUpdated",
        "setUpdated",
        "getCreated",
        "setCreated"
    ],
    "file_properties": []
}
[2025-05-28 01:04:00] Traitement du fichier {
    "file_class": "ProgressionWebService\\TaskAttachment",
    "file_methods": [
        "__construct",
        "getTypeRef",
        "setTypeRef",
        "getTitle",
        "setTitle",
        "getDescription",
        "setDescription",
        "getName",
        "setName",
        "getContentType",
        "setContentType",
        "getSize",
        "setSize",
        "getData",
        "setData",
        "getMetas",
        "setMetas",
        "getProperties",
        "setProperties",
        "getTags",
        "setTags",
        "getComments",
        "setComments",
        "getCreatorRef",
        "setCreatorRef",
        "getId",
        "setId",
        "getUID",
        "setUID",
        "getExternalId",
        "setExternalId",
        "getRemoved",
        "setRemoved",
        "getUpdated",
        "setUpdated",
        "getCreated",
        "setCreated"
    ],
    "file_properties": []
}
[2025-05-28 01:04:00] Résultat final de la recherche de pièces jointes {
    "count": 7,
    "attachments": [
        {
            "id": 30407,
            "name": "SOU011485.pdf",
            "size": 16367,
            "isTargetFile": false
        },
        {
            "id": 30432,
            "name": "EMPL_EXT.jpg",
            "size": 452549,
            "isTargetFile": false
        },
        {
            "id": 30433,
            "name": "EMPL_INT.jpg",
            "size": 284502,
            "isTargetFile": false
        },
        {
            "id": 30434,
            "name": "ESPACE_INT.jpg",
            "size": 149939,
            "isTargetFile": false
        },
        {
            "id": 30435,
            "name": "EXEMPLE_EXT.png",
            "size": 236941,
            "isTargetFile": false
        },
        {
            "id": 30436,
            "name": "PANNEAU.jpg",
            "size": 330636,
            "isTargetFile": false
        },
        {
            "id": 30440,
            "name": "PLAN.pdf",
            "size": 330364,
            "isTargetFile": false
        }
    ]
}
[2025-05-28 01:04:00] Réponse finale {
    "files_count": 7
}
[2025-05-28 01:05:11] Utilisation des données réelles de ProgressionLive []
[2025-05-28 01:05:11] Démarrage de la requête pour l'installation {
    "ins": "INS011658"
}
[2025-05-28 01:05:11] Configuration chargée []
[2025-05-28 01:05:11] URLs du service {
    "baseUrl": "https:\/\/garychartrand.progressionlive.com",
    "serviceUrl": "https:\/\/garychartrand.progressionlive.com\/server\/ws\/v2\/ProgressionWebService"
}
[2025-05-28 01:05:11] Création du service SOAP []
[2025-05-28 01:05:11] Service SOAP créé []
[2025-05-28 01:05:11] Informations d'identification créées {
    "username": "pierre@garychartrand.com"
}
[2025-05-28 01:05:11] Tentative de connexion []
[2025-05-28 01:05:11] Connexion réussie []
[2025-05-28 01:05:11] Recherche de la tâche {
    "installation": "INS011658"
}
[2025-05-28 01:05:11] Envoi de la requête SearchRecords []
[2025-05-28 01:05:11] Réponse de SearchRecords reçue []
[2025-05-28 01:05:11] Tâche trouvée {
    "task_id": 11658
}
[2025-05-28 01:05:11] Recherche des pièces jointes []
[2025-05-28 01:05:11] Envoi de la requête pour les pièces jointes {
    "task_id": 11658,
    "request": {
        "parentId": 11658,
        "recordType": "TASK_ATTACHMENT",
        "query": "parent.id = :parentId"
    }
}
[2025-05-28 01:05:12] Réponse reçue pour les pièces jointes {
    "has_records": true,
    "response_type": "object"
}
[2025-05-28 01:05:12] Structure de la réponse {
    "methods": [
        "__construct",
        "getRecords",
        "setRecords"
    ],
    "properties": []
}
[2025-05-28 01:05:12] Analyse de la réponse pour les pièces jointes {
    "reponse_null": false,
    "has_getRecords_method": true,
    "response_class": "ProgressionWebService\\SearchRecordsResponse"
}
[2025-05-28 01:05:12] Records obtenus {
    "records_null": false
}
[2025-05-28 01:05:12] Pièces jointes trouvées via getRecord() {
    "count": 7
}
[2025-05-28 01:05:12] Traitement du fichier {
    "file_class": "ProgressionWebService\\TaskAttachment",
    "file_methods": [
        "__construct",
        "getTypeRef",
        "setTypeRef",
        "getTitle",
        "setTitle",
        "getDescription",
        "setDescription",
        "getName",
        "setName",
        "getContentType",
        "setContentType",
        "getSize",
        "setSize",
        "getData",
        "setData",
        "getMetas",
        "setMetas",
        "getProperties",
        "setProperties",
        "getTags",
        "setTags",
        "getComments",
        "setComments",
        "getCreatorRef",
        "setCreatorRef",
        "getId",
        "setId",
        "getUID",
        "setUID",
        "getExternalId",
        "setExternalId",
        "getRemoved",
        "setRemoved",
        "getUpdated",
        "setUpdated",
        "getCreated",
        "setCreated"
    ],
    "file_properties": []
}
[2025-05-28 01:05:12] Traitement du fichier {
    "file_class": "ProgressionWebService\\TaskAttachment",
    "file_methods": [
        "__construct",
        "getTypeRef",
        "setTypeRef",
        "getTitle",
        "setTitle",
        "getDescription",
        "setDescription",
        "getName",
        "setName",
        "getContentType",
        "setContentType",
        "getSize",
        "setSize",
        "getData",
        "setData",
        "getMetas",
        "setMetas",
        "getProperties",
        "setProperties",
        "getTags",
        "setTags",
        "getComments",
        "setComments",
        "getCreatorRef",
        "setCreatorRef",
        "getId",
        "setId",
        "getUID",
        "setUID",
        "getExternalId",
        "setExternalId",
        "getRemoved",
        "setRemoved",
        "getUpdated",
        "setUpdated",
        "getCreated",
        "setCreated"
    ],
    "file_properties": []
}
[2025-05-28 01:05:12] Traitement du fichier {
    "file_class": "ProgressionWebService\\TaskAttachment",
    "file_methods": [
        "__construct",
        "getTypeRef",
        "setTypeRef",
        "getTitle",
        "setTitle",
        "getDescription",
        "setDescription",
        "getName",
        "setName",
        "getContentType",
        "setContentType",
        "getSize",
        "setSize",
        "getData",
        "setData",
        "getMetas",
        "setMetas",
        "getProperties",
        "setProperties",
        "getTags",
        "setTags",
        "getComments",
        "setComments",
        "getCreatorRef",
        "setCreatorRef",
        "getId",
        "setId",
        "getUID",
        "setUID",
        "getExternalId",
        "setExternalId",
        "getRemoved",
        "setRemoved",
        "getUpdated",
        "setUpdated",
        "getCreated",
        "setCreated"
    ],
    "file_properties": []
}
[2025-05-28 01:05:12] Traitement du fichier {
    "file_class": "ProgressionWebService\\TaskAttachment",
    "file_methods": [
        "__construct",
        "getTypeRef",
        "setTypeRef",
        "getTitle",
        "setTitle",
        "getDescription",
        "setDescription",
        "getName",
        "setName",
        "getContentType",
        "setContentType",
        "getSize",
        "setSize",
        "getData",
        "setData",
        "getMetas",
        "setMetas",
        "getProperties",
        "setProperties",
        "getTags",
        "setTags",
        "getComments",
        "setComments",
        "getCreatorRef",
        "setCreatorRef",
        "getId",
        "setId",
        "getUID",
        "setUID",
        "getExternalId",
        "setExternalId",
        "getRemoved",
        "setRemoved",
        "getUpdated",
        "setUpdated",
        "getCreated",
        "setCreated"
    ],
    "file_properties": []
}
[2025-05-28 01:05:12] Traitement du fichier {
    "file_class": "ProgressionWebService\\TaskAttachment",
    "file_methods": [
        "__construct",
        "getTypeRef",
        "setTypeRef",
        "getTitle",
        "setTitle",
        "getDescription",
        "setDescription",
        "getName",
        "setName",
        "getContentType",
        "setContentType",
        "getSize",
        "setSize",
        "getData",
        "setData",
        "getMetas",
        "setMetas",
        "getProperties",
        "setProperties",
        "getTags",
        "setTags",
        "getComments",
        "setComments",
        "getCreatorRef",
        "setCreatorRef",
        "getId",
        "setId",
        "getUID",
        "setUID",
        "getExternalId",
        "setExternalId",
        "getRemoved",
        "setRemoved",
        "getUpdated",
        "setUpdated",
        "getCreated",
        "setCreated"
    ],
    "file_properties": []
}
[2025-05-28 01:05:12] Traitement du fichier {
    "file_class": "ProgressionWebService\\TaskAttachment",
    "file_methods": [
        "__construct",
        "getTypeRef",
        "setTypeRef",
        "getTitle",
        "setTitle",
        "getDescription",
        "setDescription",
        "getName",
        "setName",
        "getContentType",
        "setContentType",
        "getSize",
        "setSize",
        "getData",
        "setData",
        "getMetas",
        "setMetas",
        "getProperties",
        "setProperties",
        "getTags",
        "setTags",
        "getComments",
        "setComments",
        "getCreatorRef",
        "setCreatorRef",
        "getId",
        "setId",
        "getUID",
        "setUID",
        "getExternalId",
        "setExternalId",
        "getRemoved",
        "setRemoved",
        "getUpdated",
        "setUpdated",
        "getCreated",
        "setCreated"
    ],
    "file_properties": []
}
[2025-05-28 01:05:12] Traitement du fichier {
    "file_class": "ProgressionWebService\\TaskAttachment",
    "file_methods": [
        "__construct",
        "getTypeRef",
        "setTypeRef",
        "getTitle",
        "setTitle",
        "getDescription",
        "setDescription",
        "getName",
        "setName",
        "getContentType",
        "setContentType",
        "getSize",
        "setSize",
        "getData",
        "setData",
        "getMetas",
        "setMetas",
        "getProperties",
        "setProperties",
        "getTags",
        "setTags",
        "getComments",
        "setComments",
        "getCreatorRef",
        "setCreatorRef",
        "getId",
        "setId",
        "getUID",
        "setUID",
        "getExternalId",
        "setExternalId",
        "getRemoved",
        "setRemoved",
        "getUpdated",
        "setUpdated",
        "getCreated",
        "setCreated"
    ],
    "file_properties": []
}
[2025-05-28 01:05:12] Résultat final de la recherche de pièces jointes {
    "count": 7,
    "attachments": [
        {
            "id": 30407,
            "name": "SOU011485.pdf",
            "size": 16367,
            "isTargetFile": false
        },
        {
            "id": 30432,
            "name": "EMPL_EXT.jpg",
            "size": 452549,
            "isTargetFile": false
        },
        {
            "id": 30433,
            "name": "EMPL_INT.jpg",
            "size": 284502,
            "isTargetFile": false
        },
        {
            "id": 30434,
            "name": "ESPACE_INT.jpg",
            "size": 149939,
            "isTargetFile": false
        },
        {
            "id": 30435,
            "name": "EXEMPLE_EXT.png",
            "size": 236941,
            "isTargetFile": false
        },
        {
            "id": 30436,
            "name": "PANNEAU.jpg",
            "size": 330636,
            "isTargetFile": false
        },
        {
            "id": 30440,
            "name": "PLAN.pdf",
            "size": 330364,
            "isTargetFile": false
        }
    ]
}
[2025-05-28 01:05:12] Réponse finale {
    "files_count": 7
}
[2025-05-28 01:05:23] Utilisation des données réelles de ProgressionLive []
[2025-05-28 01:05:23] Démarrage de la requête pour l'installation {
    "ins": "INS011658"
}
[2025-05-28 01:05:23] Configuration chargée []
[2025-05-28 01:05:23] URLs du service {
    "baseUrl": "https:\/\/garychartrand.progressionlive.com",
    "serviceUrl": "https:\/\/garychartrand.progressionlive.com\/server\/ws\/v2\/ProgressionWebService"
}
[2025-05-28 01:05:23] Création du service SOAP []
[2025-05-28 01:05:24] Service SOAP créé []
[2025-05-28 01:05:24] Informations d'identification créées {
    "username": "pierre@garychartrand.com"
}
[2025-05-28 01:05:24] Tentative de connexion []
[2025-05-28 01:05:24] Connexion réussie []
[2025-05-28 01:05:24] Recherche de la tâche {
    "installation": "INS011658"
}
[2025-05-28 01:05:24] Envoi de la requête SearchRecords []
[2025-05-28 01:05:24] Réponse de SearchRecords reçue []
[2025-05-28 01:05:24] Tâche trouvée {
    "task_id": 11658
}
[2025-05-28 01:05:24] Recherche des pièces jointes []
[2025-05-28 01:05:24] Envoi de la requête pour les pièces jointes {
    "task_id": 11658,
    "request": {
        "parentId": 11658,
        "recordType": "TASK_ATTACHMENT",
        "query": "parent.id = :parentId"
    }
}
[2025-05-28 01:05:25] Réponse reçue pour les pièces jointes {
    "has_records": true,
    "response_type": "object"
}
[2025-05-28 01:05:25] Structure de la réponse {
    "methods": [
        "__construct",
        "getRecords",
        "setRecords"
    ],
    "properties": []
}
[2025-05-28 01:05:25] Analyse de la réponse pour les pièces jointes {
    "reponse_null": false,
    "has_getRecords_method": true,
    "response_class": "ProgressionWebService\\SearchRecordsResponse"
}
[2025-05-28 01:05:25] Records obtenus {
    "records_null": false
}
[2025-05-28 01:05:25] Pièces jointes trouvées via getRecord() {
    "count": 7
}
[2025-05-28 01:05:25] Traitement du fichier {
    "file_class": "ProgressionWebService\\TaskAttachment",
    "file_methods": [
        "__construct",
        "getTypeRef",
        "setTypeRef",
        "getTitle",
        "setTitle",
        "getDescription",
        "setDescription",
        "getName",
        "setName",
        "getContentType",
        "setContentType",
        "getSize",
        "setSize",
        "getData",
        "setData",
        "getMetas",
        "setMetas",
        "getProperties",
        "setProperties",
        "getTags",
        "setTags",
        "getComments",
        "setComments",
        "getCreatorRef",
        "setCreatorRef",
        "getId",
        "setId",
        "getUID",
        "setUID",
        "getExternalId",
        "setExternalId",
        "getRemoved",
        "setRemoved",
        "getUpdated",
        "setUpdated",
        "getCreated",
        "setCreated"
    ],
    "file_properties": []
}
[2025-05-28 01:05:25] Traitement du fichier {
    "file_class": "ProgressionWebService\\TaskAttachment",
    "file_methods": [
        "__construct",
        "getTypeRef",
        "setTypeRef",
        "getTitle",
        "setTitle",
        "getDescription",
        "setDescription",
        "getName",
        "setName",
        "getContentType",
        "setContentType",
        "getSize",
        "setSize",
        "getData",
        "setData",
        "getMetas",
        "setMetas",
        "getProperties",
        "setProperties",
        "getTags",
        "setTags",
        "getComments",
        "setComments",
        "getCreatorRef",
        "setCreatorRef",
        "getId",
        "setId",
        "getUID",
        "setUID",
        "getExternalId",
        "setExternalId",
        "getRemoved",
        "setRemoved",
        "getUpdated",
        "setUpdated",
        "getCreated",
        "setCreated"
    ],
    "file_properties": []
}
[2025-05-28 01:05:25] Traitement du fichier {
    "file_class": "ProgressionWebService\\TaskAttachment",
    "file_methods": [
        "__construct",
        "getTypeRef",
        "setTypeRef",
        "getTitle",
        "setTitle",
        "getDescription",
        "setDescription",
        "getName",
        "setName",
        "getContentType",
        "setContentType",
        "getSize",
        "setSize",
        "getData",
        "setData",
        "getMetas",
        "setMetas",
        "getProperties",
        "setProperties",
        "getTags",
        "setTags",
        "getComments",
        "setComments",
        "getCreatorRef",
        "setCreatorRef",
        "getId",
        "setId",
        "getUID",
        "setUID",
        "getExternalId",
        "setExternalId",
        "getRemoved",
        "setRemoved",
        "getUpdated",
        "setUpdated",
        "getCreated",
        "setCreated"
    ],
    "file_properties": []
}
[2025-05-28 01:05:25] Traitement du fichier {
    "file_class": "ProgressionWebService\\TaskAttachment",
    "file_methods": [
        "__construct",
        "getTypeRef",
        "setTypeRef",
        "getTitle",
        "setTitle",
        "getDescription",
        "setDescription",
        "getName",
        "setName",
        "getContentType",
        "setContentType",
        "getSize",
        "setSize",
        "getData",
        "setData",
        "getMetas",
        "setMetas",
        "getProperties",
        "setProperties",
        "getTags",
        "setTags",
        "getComments",
        "setComments",
        "getCreatorRef",
        "setCreatorRef",
        "getId",
        "setId",
        "getUID",
        "setUID",
        "getExternalId",
        "setExternalId",
        "getRemoved",
        "setRemoved",
        "getUpdated",
        "setUpdated",
        "getCreated",
        "setCreated"
    ],
    "file_properties": []
}
[2025-05-28 01:05:25] Traitement du fichier {
    "file_class": "ProgressionWebService\\TaskAttachment",
    "file_methods": [
        "__construct",
        "getTypeRef",
        "setTypeRef",
        "getTitle",
        "setTitle",
        "getDescription",
        "setDescription",
        "getName",
        "setName",
        "getContentType",
        "setContentType",
        "getSize",
        "setSize",
        "getData",
        "setData",
        "getMetas",
        "setMetas",
        "getProperties",
        "setProperties",
        "getTags",
        "setTags",
        "getComments",
        "setComments",
        "getCreatorRef",
        "setCreatorRef",
        "getId",
        "setId",
        "getUID",
        "setUID",
        "getExternalId",
        "setExternalId",
        "getRemoved",
        "setRemoved",
        "getUpdated",
        "setUpdated",
        "getCreated",
        "setCreated"
    ],
    "file_properties": []
}
[2025-05-28 01:05:25] Traitement du fichier {
    "file_class": "ProgressionWebService\\TaskAttachment",
    "file_methods": [
        "__construct",
        "getTypeRef",
        "setTypeRef",
        "getTitle",
        "setTitle",
        "getDescription",
        "setDescription",
        "getName",
        "setName",
        "getContentType",
        "setContentType",
        "getSize",
        "setSize",
        "getData",
        "setData",
        "getMetas",
        "setMetas",
        "getProperties",
        "setProperties",
        "getTags",
        "setTags",
        "getComments",
        "setComments",
        "getCreatorRef",
        "setCreatorRef",
        "getId",
        "setId",
        "getUID",
        "setUID",
        "getExternalId",
        "setExternalId",
        "getRemoved",
        "setRemoved",
        "getUpdated",
        "setUpdated",
        "getCreated",
        "setCreated"
    ],
    "file_properties": []
}
[2025-05-28 01:05:25] Traitement du fichier {
    "file_class": "ProgressionWebService\\TaskAttachment",
    "file_methods": [
        "__construct",
        "getTypeRef",
        "setTypeRef",
        "getTitle",
        "setTitle",
        "getDescription",
        "setDescription",
        "getName",
        "setName",
        "getContentType",
        "setContentType",
        "getSize",
        "setSize",
        "getData",
        "setData",
        "getMetas",
        "setMetas",
        "getProperties",
        "setProperties",
        "getTags",
        "setTags",
        "getComments",
        "setComments",
        "getCreatorRef",
        "setCreatorRef",
        "getId",
        "setId",
        "getUID",
        "setUID",
        "getExternalId",
        "setExternalId",
        "getRemoved",
        "setRemoved",
        "getUpdated",
        "setUpdated",
        "getCreated",
        "setCreated"
    ],
    "file_properties": []
}
[2025-05-28 01:05:25] Résultat final de la recherche de pièces jointes {
    "count": 7,
    "attachments": [
        {
            "id": 30407,
            "name": "SOU011485.pdf",
            "size": 16367,
            "isTargetFile": false
        },
        {
            "id": 30432,
            "name": "EMPL_EXT.jpg",
            "size": 452549,
            "isTargetFile": false
        },
        {
            "id": 30433,
            "name": "EMPL_INT.jpg",
            "size": 284502,
            "isTargetFile": false
        },
        {
            "id": 30434,
            "name": "ESPACE_INT.jpg",
            "size": 149939,
            "isTargetFile": false
        },
        {
            "id": 30435,
            "name": "EXEMPLE_EXT.png",
            "size": 236941,
            "isTargetFile": false
        },
        {
            "id": 30436,
            "name": "PANNEAU.jpg",
            "size": 330636,
            "isTargetFile": false
        },
        {
            "id": 30440,
            "name": "PLAN.pdf",
            "size": 330364,
            "isTargetFile": false
        }
    ]
}
[2025-05-28 01:05:25] Réponse finale {
    "files_count": 7
}
[2025-05-28 01:10:40] Utilisation des données réelles de ProgressionLive []
[2025-05-28 01:10:40] Démarrage de la requête pour l'installation {
    "ins": "INS011658"
}
[2025-05-28 01:10:40] Configuration chargée []
[2025-05-28 01:10:40] URLs du service {
    "baseUrl": "https:\/\/garychartrand.progressionlive.com",
    "serviceUrl": "https:\/\/garychartrand.progressionlive.com\/server\/ws\/v2\/ProgressionWebService"
}
[2025-05-28 01:10:40] Création du service SOAP []
[2025-05-28 01:10:40] Service SOAP créé []
[2025-05-28 01:10:40] Informations d'identification créées {
    "username": "pierre@garychartrand.com"
}
[2025-05-28 01:10:40] Tentative de connexion []
[2025-05-28 01:10:40] Connexion réussie []
[2025-05-28 01:10:40] Recherche de la tâche {
    "installation": "INS011658"
}
[2025-05-28 01:10:40] Envoi de la requête SearchRecords []
[2025-05-28 01:10:40] Réponse de SearchRecords reçue []
[2025-05-28 01:10:40] Tâche trouvée {
    "task_id": 11658
}
[2025-05-28 01:10:40] Recherche des pièces jointes []
[2025-05-28 01:10:40] Envoi de la requête pour les pièces jointes {
    "task_id": 11658,
    "request": {
        "parentId": 11658,
        "recordType": "TASK_ATTACHMENT",
        "query": "parent.id = :parentId"
    }
}
[2025-05-28 01:10:41] Réponse reçue pour les pièces jointes {
    "has_records": true,
    "response_type": "object"
}
[2025-05-28 01:10:41] Structure de la réponse {
    "methods": [
        "__construct",
        "getRecords",
        "setRecords"
    ],
    "properties": []
}
[2025-05-28 01:10:41] Analyse de la réponse pour les pièces jointes {
    "reponse_null": false,
    "has_getRecords_method": true,
    "response_class": "ProgressionWebService\\SearchRecordsResponse"
}
[2025-05-28 01:10:41] Records obtenus {
    "records_null": false
}
[2025-05-28 01:10:41] Pièces jointes trouvées via getRecord() {
    "count": 7
}
[2025-05-28 01:10:41] Traitement du fichier {
    "file_class": "ProgressionWebService\\TaskAttachment",
    "file_methods": [
        "__construct",
        "getTypeRef",
        "setTypeRef",
        "getTitle",
        "setTitle",
        "getDescription",
        "setDescription",
        "getName",
        "setName",
        "getContentType",
        "setContentType",
        "getSize",
        "setSize",
        "getData",
        "setData",
        "getMetas",
        "setMetas",
        "getProperties",
        "setProperties",
        "getTags",
        "setTags",
        "getComments",
        "setComments",
        "getCreatorRef",
        "setCreatorRef",
        "getId",
        "setId",
        "getUID",
        "setUID",
        "getExternalId",
        "setExternalId",
        "getRemoved",
        "setRemoved",
        "getUpdated",
        "setUpdated",
        "getCreated",
        "setCreated"
    ],
    "file_properties": []
}
[2025-05-28 01:10:41] Traitement du fichier {
    "file_class": "ProgressionWebService\\TaskAttachment",
    "file_methods": [
        "__construct",
        "getTypeRef",
        "setTypeRef",
        "getTitle",
        "setTitle",
        "getDescription",
        "setDescription",
        "getName",
        "setName",
        "getContentType",
        "setContentType",
        "getSize",
        "setSize",
        "getData",
        "setData",
        "getMetas",
        "setMetas",
        "getProperties",
        "setProperties",
        "getTags",
        "setTags",
        "getComments",
        "setComments",
        "getCreatorRef",
        "setCreatorRef",
        "getId",
        "setId",
        "getUID",
        "setUID",
        "getExternalId",
        "setExternalId",
        "getRemoved",
        "setRemoved",
        "getUpdated",
        "setUpdated",
        "getCreated",
        "setCreated"
    ],
    "file_properties": []
}
[2025-05-28 01:10:41] Traitement du fichier {
    "file_class": "ProgressionWebService\\TaskAttachment",
    "file_methods": [
        "__construct",
        "getTypeRef",
        "setTypeRef",
        "getTitle",
        "setTitle",
        "getDescription",
        "setDescription",
        "getName",
        "setName",
        "getContentType",
        "setContentType",
        "getSize",
        "setSize",
        "getData",
        "setData",
        "getMetas",
        "setMetas",
        "getProperties",
        "setProperties",
        "getTags",
        "setTags",
        "getComments",
        "setComments",
        "getCreatorRef",
        "setCreatorRef",
        "getId",
        "setId",
        "getUID",
        "setUID",
        "getExternalId",
        "setExternalId",
        "getRemoved",
        "setRemoved",
        "getUpdated",
        "setUpdated",
        "getCreated",
        "setCreated"
    ],
    "file_properties": []
}
[2025-05-28 01:10:41] Traitement du fichier {
    "file_class": "ProgressionWebService\\TaskAttachment",
    "file_methods": [
        "__construct",
        "getTypeRef",
        "setTypeRef",
        "getTitle",
        "setTitle",
        "getDescription",
        "setDescription",
        "getName",
        "setName",
        "getContentType",
        "setContentType",
        "getSize",
        "setSize",
        "getData",
        "setData",
        "getMetas",
        "setMetas",
        "getProperties",
        "setProperties",
        "getTags",
        "setTags",
        "getComments",
        "setComments",
        "getCreatorRef",
        "setCreatorRef",
        "getId",
        "setId",
        "getUID",
        "setUID",
        "getExternalId",
        "setExternalId",
        "getRemoved",
        "setRemoved",
        "getUpdated",
        "setUpdated",
        "getCreated",
        "setCreated"
    ],
    "file_properties": []
}
[2025-05-28 01:10:41] Traitement du fichier {
    "file_class": "ProgressionWebService\\TaskAttachment",
    "file_methods": [
        "__construct",
        "getTypeRef",
        "setTypeRef",
        "getTitle",
        "setTitle",
        "getDescription",
        "setDescription",
        "getName",
        "setName",
        "getContentType",
        "setContentType",
        "getSize",
        "setSize",
        "getData",
        "setData",
        "getMetas",
        "setMetas",
        "getProperties",
        "setProperties",
        "getTags",
        "setTags",
        "getComments",
        "setComments",
        "getCreatorRef",
        "setCreatorRef",
        "getId",
        "setId",
        "getUID",
        "setUID",
        "getExternalId",
        "setExternalId",
        "getRemoved",
        "setRemoved",
        "getUpdated",
        "setUpdated",
        "getCreated",
        "setCreated"
    ],
    "file_properties": []
}
[2025-05-28 01:10:41] Traitement du fichier {
    "file_class": "ProgressionWebService\\TaskAttachment",
    "file_methods": [
        "__construct",
        "getTypeRef",
        "setTypeRef",
        "getTitle",
        "setTitle",
        "getDescription",
        "setDescription",
        "getName",
        "setName",
        "getContentType",
        "setContentType",
        "getSize",
        "setSize",
        "getData",
        "setData",
        "getMetas",
        "setMetas",
        "getProperties",
        "setProperties",
        "getTags",
        "setTags",
        "getComments",
        "setComments",
        "getCreatorRef",
        "setCreatorRef",
        "getId",
        "setId",
        "getUID",
        "setUID",
        "getExternalId",
        "setExternalId",
        "getRemoved",
        "setRemoved",
        "getUpdated",
        "setUpdated",
        "getCreated",
        "setCreated"
    ],
    "file_properties": []
}
[2025-05-28 01:10:41] Traitement du fichier {
    "file_class": "ProgressionWebService\\TaskAttachment",
    "file_methods": [
        "__construct",
        "getTypeRef",
        "setTypeRef",
        "getTitle",
        "setTitle",
        "getDescription",
        "setDescription",
        "getName",
        "setName",
        "getContentType",
        "setContentType",
        "getSize",
        "setSize",
        "getData",
        "setData",
        "getMetas",
        "setMetas",
        "getProperties",
        "setProperties",
        "getTags",
        "setTags",
        "getComments",
        "setComments",
        "getCreatorRef",
        "setCreatorRef",
        "getId",
        "setId",
        "getUID",
        "setUID",
        "getExternalId",
        "setExternalId",
        "getRemoved",
        "setRemoved",
        "getUpdated",
        "setUpdated",
        "getCreated",
        "setCreated"
    ],
    "file_properties": []
}
[2025-05-28 01:10:41] Résultat final de la recherche de pièces jointes {
    "count": 7,
    "attachments": [
        {
            "id": 30407,
            "name": "SOU011485.pdf",
            "size": 16367,
            "isTargetFile": false
        },
        {
            "id": 30432,
            "name": "EMPL_EXT.jpg",
            "size": 452549,
            "isTargetFile": false
        },
        {
            "id": 30433,
            "name": "EMPL_INT.jpg",
            "size": 284502,
            "isTargetFile": false
        },
        {
            "id": 30434,
            "name": "ESPACE_INT.jpg",
            "size": 149939,
            "isTargetFile": false
        },
        {
            "id": 30435,
            "name": "EXEMPLE_EXT.png",
            "size": 236941,
            "isTargetFile": false
        },
        {
            "id": 30436,
            "name": "PANNEAU.jpg",
            "size": 330636,
            "isTargetFile": false
        },
        {
            "id": 30440,
            "name": "PLAN.pdf",
            "size": 330364,
            "isTargetFile": false
        }
    ]
}
[2025-05-28 01:10:41] Réponse finale {
    "files_count": 7
}
[2025-05-28 01:17:50] Utilisation des données réelles de ProgressionLive []
[2025-05-28 01:17:50] Démarrage de la requête pour l'installation {
    "ins": "INS011658"
}
[2025-05-28 01:17:50] Configuration chargée []
[2025-05-28 01:17:50] URLs du service {
    "baseUrl": "https:\/\/garychartrand.progressionlive.com",
    "serviceUrl": "https:\/\/garychartrand.progressionlive.com\/server\/ws\/v2\/ProgressionWebService"
}
[2025-05-28 01:17:50] Création du service SOAP []
[2025-05-28 01:17:50] Service SOAP créé []
[2025-05-28 01:17:50] Informations d'identification créées {
    "username": "pierre@garychartrand.com"
}
[2025-05-28 01:17:50] Tentative de connexion []
[2025-05-28 01:17:50] Connexion réussie []
[2025-05-28 01:17:50] Recherche de la tâche {
    "installation": "INS011658"
}
[2025-05-28 01:17:50] Envoi de la requête SearchRecords []
[2025-05-28 01:17:50] Réponse de SearchRecords reçue []
[2025-05-28 01:17:50] Tâche trouvée {
    "task_id": 11658
}
[2025-05-28 01:17:50] Recherche des pièces jointes []
[2025-05-28 01:17:50] Envoi de la requête pour les pièces jointes {
    "task_id": 11658,
    "request": {
        "parentId": 11658,
        "recordType": "TASK_ATTACHMENT",
        "query": "parent.id = :parentId"
    }
}
[2025-05-28 01:17:51] Réponse reçue pour les pièces jointes {
    "has_records": true,
    "response_type": "object"
}
[2025-05-28 01:17:51] Structure de la réponse {
    "methods": [
        "__construct",
        "getRecords",
        "setRecords"
    ],
    "properties": []
}
[2025-05-28 01:17:51] Analyse de la réponse pour les pièces jointes {
    "reponse_null": false,
    "has_getRecords_method": true,
    "response_class": "ProgressionWebService\\SearchRecordsResponse"
}
[2025-05-28 01:17:51] Records obtenus {
    "records_null": false
}
[2025-05-28 01:17:51] Pièces jointes trouvées via getRecord() {
    "count": 7
}
[2025-05-28 01:17:51] Traitement du fichier {
    "file_class": "ProgressionWebService\\TaskAttachment",
    "file_methods": [
        "__construct",
        "getTypeRef",
        "setTypeRef",
        "getTitle",
        "setTitle",
        "getDescription",
        "setDescription",
        "getName",
        "setName",
        "getContentType",
        "setContentType",
        "getSize",
        "setSize",
        "getData",
        "setData",
        "getMetas",
        "setMetas",
        "getProperties",
        "setProperties",
        "getTags",
        "setTags",
        "getComments",
        "setComments",
        "getCreatorRef",
        "setCreatorRef",
        "getId",
        "setId",
        "getUID",
        "setUID",
        "getExternalId",
        "setExternalId",
        "getRemoved",
        "setRemoved",
        "getUpdated",
        "setUpdated",
        "getCreated",
        "setCreated"
    ],
    "file_properties": []
}
[2025-05-28 01:17:51] Traitement du fichier {
    "file_class": "ProgressionWebService\\TaskAttachment",
    "file_methods": [
        "__construct",
        "getTypeRef",
        "setTypeRef",
        "getTitle",
        "setTitle",
        "getDescription",
        "setDescription",
        "getName",
        "setName",
        "getContentType",
        "setContentType",
        "getSize",
        "setSize",
        "getData",
        "setData",
        "getMetas",
        "setMetas",
        "getProperties",
        "setProperties",
        "getTags",
        "setTags",
        "getComments",
        "setComments",
        "getCreatorRef",
        "setCreatorRef",
        "getId",
        "setId",
        "getUID",
        "setUID",
        "getExternalId",
        "setExternalId",
        "getRemoved",
        "setRemoved",
        "getUpdated",
        "setUpdated",
        "getCreated",
        "setCreated"
    ],
    "file_properties": []
}
[2025-05-28 01:17:51] Traitement du fichier {
    "file_class": "ProgressionWebService\\TaskAttachment",
    "file_methods": [
        "__construct",
        "getTypeRef",
        "setTypeRef",
        "getTitle",
        "setTitle",
        "getDescription",
        "setDescription",
        "getName",
        "setName",
        "getContentType",
        "setContentType",
        "getSize",
        "setSize",
        "getData",
        "setData",
        "getMetas",
        "setMetas",
        "getProperties",
        "setProperties",
        "getTags",
        "setTags",
        "getComments",
        "setComments",
        "getCreatorRef",
        "setCreatorRef",
        "getId",
        "setId",
        "getUID",
        "setUID",
        "getExternalId",
        "setExternalId",
        "getRemoved",
        "setRemoved",
        "getUpdated",
        "setUpdated",
        "getCreated",
        "setCreated"
    ],
    "file_properties": []
}
[2025-05-28 01:17:51] Traitement du fichier {
    "file_class": "ProgressionWebService\\TaskAttachment",
    "file_methods": [
        "__construct",
        "getTypeRef",
        "setTypeRef",
        "getTitle",
        "setTitle",
        "getDescription",
        "setDescription",
        "getName",
        "setName",
        "getContentType",
        "setContentType",
        "getSize",
        "setSize",
        "getData",
        "setData",
        "getMetas",
        "setMetas",
        "getProperties",
        "setProperties",
        "getTags",
        "setTags",
        "getComments",
        "setComments",
        "getCreatorRef",
        "setCreatorRef",
        "getId",
        "setId",
        "getUID",
        "setUID",
        "getExternalId",
        "setExternalId",
        "getRemoved",
        "setRemoved",
        "getUpdated",
        "setUpdated",
        "getCreated",
        "setCreated"
    ],
    "file_properties": []
}
[2025-05-28 01:17:51] Traitement du fichier {
    "file_class": "ProgressionWebService\\TaskAttachment",
    "file_methods": [
        "__construct",
        "getTypeRef",
        "setTypeRef",
        "getTitle",
        "setTitle",
        "getDescription",
        "setDescription",
        "getName",
        "setName",
        "getContentType",
        "setContentType",
        "getSize",
        "setSize",
        "getData",
        "setData",
        "getMetas",
        "setMetas",
        "getProperties",
        "setProperties",
        "getTags",
        "setTags",
        "getComments",
        "setComments",
        "getCreatorRef",
        "setCreatorRef",
        "getId",
        "setId",
        "getUID",
        "setUID",
        "getExternalId",
        "setExternalId",
        "getRemoved",
        "setRemoved",
        "getUpdated",
        "setUpdated",
        "getCreated",
        "setCreated"
    ],
    "file_properties": []
}
[2025-05-28 01:17:51] Traitement du fichier {
    "file_class": "ProgressionWebService\\TaskAttachment",
    "file_methods": [
        "__construct",
        "getTypeRef",
        "setTypeRef",
        "getTitle",
        "setTitle",
        "getDescription",
        "setDescription",
        "getName",
        "setName",
        "getContentType",
        "setContentType",
        "getSize",
        "setSize",
        "getData",
        "setData",
        "getMetas",
        "setMetas",
        "getProperties",
        "setProperties",
        "getTags",
        "setTags",
        "getComments",
        "setComments",
        "getCreatorRef",
        "setCreatorRef",
        "getId",
        "setId",
        "getUID",
        "setUID",
        "getExternalId",
        "setExternalId",
        "getRemoved",
        "setRemoved",
        "getUpdated",
        "setUpdated",
        "getCreated",
        "setCreated"
    ],
    "file_properties": []
}
[2025-05-28 01:17:51] Traitement du fichier {
    "file_class": "ProgressionWebService\\TaskAttachment",
    "file_methods": [
        "__construct",
        "getTypeRef",
        "setTypeRef",
        "getTitle",
        "setTitle",
        "getDescription",
        "setDescription",
        "getName",
        "setName",
        "getContentType",
        "setContentType",
        "getSize",
        "setSize",
        "getData",
        "setData",
        "getMetas",
        "setMetas",
        "getProperties",
        "setProperties",
        "getTags",
        "setTags",
        "getComments",
        "setComments",
        "getCreatorRef",
        "setCreatorRef",
        "getId",
        "setId",
        "getUID",
        "setUID",
        "getExternalId",
        "setExternalId",
        "getRemoved",
        "setRemoved",
        "getUpdated",
        "setUpdated",
        "getCreated",
        "setCreated"
    ],
    "file_properties": []
}
[2025-05-28 01:17:51] Résultat final de la recherche de pièces jointes {
    "count": 7,
    "attachments": [
        {
            "id": 30407,
            "name": "SOU011485.pdf",
            "size": 16367,
            "isTargetFile": false
        },
        {
            "id": 30432,
            "name": "EMPL_EXT.jpg",
            "size": 452549,
            "isTargetFile": false
        },
        {
            "id": 30433,
            "name": "EMPL_INT.jpg",
            "size": 284502,
            "isTargetFile": false
        },
        {
            "id": 30434,
            "name": "ESPACE_INT.jpg",
            "size": 149939,
            "isTargetFile": false
        },
        {
            "id": 30435,
            "name": "EXEMPLE_EXT.png",
            "size": 236941,
            "isTargetFile": false
        },
        {
            "id": 30436,
            "name": "PANNEAU.jpg",
            "size": 330636,
            "isTargetFile": false
        },
        {
            "id": 30440,
            "name": "PLAN.pdf",
            "size": 330364,
            "isTargetFile": false
        }
    ]
}
[2025-05-28 01:17:51] Réponse finale {
    "files_count": 7
}
[2025-05-28 01:43:16] Utilisation des données réelles de ProgressionLive []
[2025-05-28 01:43:16] Démarrage de la requête pour l'installation {
    "ins": "INS011658"
}
[2025-05-28 01:43:16] Configuration chargée []
[2025-05-28 01:43:16] URLs du service {
    "baseUrl": "https:\/\/garychartrand.progressionlive.com",
    "serviceUrl": "https:\/\/garychartrand.progressionlive.com\/server\/ws\/v2\/ProgressionWebService"
}
[2025-05-28 01:43:16] Création du service SOAP []
[2025-05-28 01:43:16] Service SOAP créé []
[2025-05-28 01:43:16] Informations d'identification créées {
    "username": "pierre@garychartrand.com"
}
[2025-05-28 01:43:16] Tentative de connexion []
[2025-05-28 01:43:17] Connexion réussie []
[2025-05-28 01:43:17] Recherche de la tâche {
    "installation": "INS011658"
}
[2025-05-28 01:43:17] Envoi de la requête SearchRecords []
[2025-05-28 01:43:17] Réponse de SearchRecords reçue []
[2025-05-28 01:43:17] Tâche trouvée {
    "task_id": 11658
}
[2025-05-28 01:43:17] Recherche des pièces jointes []
[2025-05-28 01:43:17] Envoi de la requête pour les pièces jointes {
    "task_id": 11658,
    "request": {
        "parentId": 11658,
        "recordType": "TASK_ATTACHMENT",
        "query": "parent.id = :parentId"
    }
}
[2025-05-28 01:43:18] Réponse reçue pour les pièces jointes {
    "has_records": true,
    "response_type": "object"
}
[2025-05-28 01:43:18] Structure de la réponse {
    "methods": [
        "__construct",
        "getRecords",
        "setRecords"
    ],
    "properties": []
}
[2025-05-28 01:43:18] Analyse de la réponse pour les pièces jointes {
    "reponse_null": false,
    "has_getRecords_method": true,
    "response_class": "ProgressionWebService\\SearchRecordsResponse"
}
[2025-05-28 01:43:18] Records obtenus {
    "records_null": false
}
[2025-05-28 01:43:18] Pièces jointes trouvées via getRecord() {
    "count": 7
}
[2025-05-28 01:43:18] Traitement du fichier {
    "file_class": "ProgressionWebService\\TaskAttachment",
    "file_methods": [
        "__construct",
        "getTypeRef",
        "setTypeRef",
        "getTitle",
        "setTitle",
        "getDescription",
        "setDescription",
        "getName",
        "setName",
        "getContentType",
        "setContentType",
        "getSize",
        "setSize",
        "getData",
        "setData",
        "getMetas",
        "setMetas",
        "getProperties",
        "setProperties",
        "getTags",
        "setTags",
        "getComments",
        "setComments",
        "getCreatorRef",
        "setCreatorRef",
        "getId",
        "setId",
        "getUID",
        "setUID",
        "getExternalId",
        "setExternalId",
        "getRemoved",
        "setRemoved",
        "getUpdated",
        "setUpdated",
        "getCreated",
        "setCreated"
    ],
    "file_properties": []
}
[2025-05-28 01:43:18] Traitement du fichier {
    "file_class": "ProgressionWebService\\TaskAttachment",
    "file_methods": [
        "__construct",
        "getTypeRef",
        "setTypeRef",
        "getTitle",
        "setTitle",
        "getDescription",
        "setDescription",
        "getName",
        "setName",
        "getContentType",
        "setContentType",
        "getSize",
        "setSize",
        "getData",
        "setData",
        "getMetas",
        "setMetas",
        "getProperties",
        "setProperties",
        "getTags",
        "setTags",
        "getComments",
        "setComments",
        "getCreatorRef",
        "setCreatorRef",
        "getId",
        "setId",
        "getUID",
        "setUID",
        "getExternalId",
        "setExternalId",
        "getRemoved",
        "setRemoved",
        "getUpdated",
        "setUpdated",
        "getCreated",
        "setCreated"
    ],
    "file_properties": []
}
[2025-05-28 01:43:18] Traitement du fichier {
    "file_class": "ProgressionWebService\\TaskAttachment",
    "file_methods": [
        "__construct",
        "getTypeRef",
        "setTypeRef",
        "getTitle",
        "setTitle",
        "getDescription",
        "setDescription",
        "getName",
        "setName",
        "getContentType",
        "setContentType",
        "getSize",
        "setSize",
        "getData",
        "setData",
        "getMetas",
        "setMetas",
        "getProperties",
        "setProperties",
        "getTags",
        "setTags",
        "getComments",
        "setComments",
        "getCreatorRef",
        "setCreatorRef",
        "getId",
        "setId",
        "getUID",
        "setUID",
        "getExternalId",
        "setExternalId",
        "getRemoved",
        "setRemoved",
        "getUpdated",
        "setUpdated",
        "getCreated",
        "setCreated"
    ],
    "file_properties": []
}
[2025-05-28 01:43:18] Traitement du fichier {
    "file_class": "ProgressionWebService\\TaskAttachment",
    "file_methods": [
        "__construct",
        "getTypeRef",
        "setTypeRef",
        "getTitle",
        "setTitle",
        "getDescription",
        "setDescription",
        "getName",
        "setName",
        "getContentType",
        "setContentType",
        "getSize",
        "setSize",
        "getData",
        "setData",
        "getMetas",
        "setMetas",
        "getProperties",
        "setProperties",
        "getTags",
        "setTags",
        "getComments",
        "setComments",
        "getCreatorRef",
        "setCreatorRef",
        "getId",
        "setId",
        "getUID",
        "setUID",
        "getExternalId",
        "setExternalId",
        "getRemoved",
        "setRemoved",
        "getUpdated",
        "setUpdated",
        "getCreated",
        "setCreated"
    ],
    "file_properties": []
}
[2025-05-28 01:43:18] Traitement du fichier {
    "file_class": "ProgressionWebService\\TaskAttachment",
    "file_methods": [
        "__construct",
        "getTypeRef",
        "setTypeRef",
        "getTitle",
        "setTitle",
        "getDescription",
        "setDescription",
        "getName",
        "setName",
        "getContentType",
        "setContentType",
        "getSize",
        "setSize",
        "getData",
        "setData",
        "getMetas",
        "setMetas",
        "getProperties",
        "setProperties",
        "getTags",
        "setTags",
        "getComments",
        "setComments",
        "getCreatorRef",
        "setCreatorRef",
        "getId",
        "setId",
        "getUID",
        "setUID",
        "getExternalId",
        "setExternalId",
        "getRemoved",
        "setRemoved",
        "getUpdated",
        "setUpdated",
        "getCreated",
        "setCreated"
    ],
    "file_properties": []
}
[2025-05-28 01:43:18] Traitement du fichier {
    "file_class": "ProgressionWebService\\TaskAttachment",
    "file_methods": [
        "__construct",
        "getTypeRef",
        "setTypeRef",
        "getTitle",
        "setTitle",
        "getDescription",
        "setDescription",
        "getName",
        "setName",
        "getContentType",
        "setContentType",
        "getSize",
        "setSize",
        "getData",
        "setData",
        "getMetas",
        "setMetas",
        "getProperties",
        "setProperties",
        "getTags",
        "setTags",
        "getComments",
        "setComments",
        "getCreatorRef",
        "setCreatorRef",
        "getId",
        "setId",
        "getUID",
        "setUID",
        "getExternalId",
        "setExternalId",
        "getRemoved",
        "setRemoved",
        "getUpdated",
        "setUpdated",
        "getCreated",
        "setCreated"
    ],
    "file_properties": []
}
[2025-05-28 01:43:18] Traitement du fichier {
    "file_class": "ProgressionWebService\\TaskAttachment",
    "file_methods": [
        "__construct",
        "getTypeRef",
        "setTypeRef",
        "getTitle",
        "setTitle",
        "getDescription",
        "setDescription",
        "getName",
        "setName",
        "getContentType",
        "setContentType",
        "getSize",
        "setSize",
        "getData",
        "setData",
        "getMetas",
        "setMetas",
        "getProperties",
        "setProperties",
        "getTags",
        "setTags",
        "getComments",
        "setComments",
        "getCreatorRef",
        "setCreatorRef",
        "getId",
        "setId",
        "getUID",
        "setUID",
        "getExternalId",
        "setExternalId",
        "getRemoved",
        "setRemoved",
        "getUpdated",
        "setUpdated",
        "getCreated",
        "setCreated"
    ],
    "file_properties": []
}
[2025-05-28 01:43:18] Résultat final de la recherche de pièces jointes {
    "count": 7,
    "attachments": [
        {
            "id": 30407,
            "name": "SOU011485.pdf",
            "size": 16367,
            "isTargetFile": false
        },
        {
            "id": 30432,
            "name": "EMPL_EXT.jpg",
            "size": 452549,
            "isTargetFile": false
        },
        {
            "id": 30433,
            "name": "EMPL_INT.jpg",
            "size": 284502,
            "isTargetFile": false
        },
        {
            "id": 30434,
            "name": "ESPACE_INT.jpg",
            "size": 149939,
            "isTargetFile": false
        },
        {
            "id": 30435,
            "name": "EXEMPLE_EXT.png",
            "size": 236941,
            "isTargetFile": false
        },
        {
            "id": 30436,
            "name": "PANNEAU.jpg",
            "size": 330636,
            "isTargetFile": false
        },
        {
            "id": 30440,
            "name": "PLAN.pdf",
            "size": 330364,
            "isTargetFile": false
        }
    ]
}
[2025-05-28 01:43:18] Réponse finale {
    "files_count": 7
}
[2025-05-28 01:44:49] Utilisation des données réelles de ProgressionLive []
[2025-05-28 01:44:49] Démarrage de la requête pour l'installation {
    "ins": "INS011658"
}
[2025-05-28 01:44:49] Configuration chargée []
[2025-05-28 01:44:49] URLs du service {
    "baseUrl": "https:\/\/garychartrand.progressionlive.com",
    "serviceUrl": "https:\/\/garychartrand.progressionlive.com\/server\/ws\/v2\/ProgressionWebService"
}
[2025-05-28 01:44:49] Création du service SOAP []
[2025-05-28 01:44:50] Service SOAP créé []
[2025-05-28 01:44:50] Informations d'identification créées {
    "username": "pierre@garychartrand.com"
}
[2025-05-28 01:44:50] Tentative de connexion []
[2025-05-28 01:44:50] Connexion réussie []
[2025-05-28 01:44:50] Recherche de la tâche {
    "installation": "INS011658"
}
[2025-05-28 01:44:50] Envoi de la requête SearchRecords []
[2025-05-28 01:44:50] Réponse de SearchRecords reçue []
[2025-05-28 01:44:50] Tâche trouvée {
    "task_id": 11658
}
[2025-05-28 01:44:50] Recherche des pièces jointes []
[2025-05-28 01:44:50] Envoi de la requête pour les pièces jointes {
    "task_id": 11658,
    "request": {
        "parentId": 11658,
        "recordType": "TASK_ATTACHMENT",
        "query": "parent.id = :parentId"
    }
}
[2025-05-28 01:44:51] Réponse reçue pour les pièces jointes {
    "has_records": true,
    "response_type": "object"
}
[2025-05-28 01:44:51] Structure de la réponse {
    "methods": [
        "__construct",
        "getRecords",
        "setRecords"
    ],
    "properties": []
}
[2025-05-28 01:44:51] Analyse de la réponse pour les pièces jointes {
    "reponse_null": false,
    "has_getRecords_method": true,
    "response_class": "ProgressionWebService\\SearchRecordsResponse"
}
[2025-05-28 01:44:51] Records obtenus {
    "records_null": false
}
[2025-05-28 01:44:51] Pièces jointes trouvées via getRecord() {
    "count": 7
}
[2025-05-28 01:44:51] Traitement du fichier {
    "file_class": "ProgressionWebService\\TaskAttachment",
    "file_methods": [
        "__construct",
        "getTypeRef",
        "setTypeRef",
        "getTitle",
        "setTitle",
        "getDescription",
        "setDescription",
        "getName",
        "setName",
        "getContentType",
        "setContentType",
        "getSize",
        "setSize",
        "getData",
        "setData",
        "getMetas",
        "setMetas",
        "getProperties",
        "setProperties",
        "getTags",
        "setTags",
        "getComments",
        "setComments",
        "getCreatorRef",
        "setCreatorRef",
        "getId",
        "setId",
        "getUID",
        "setUID",
        "getExternalId",
        "setExternalId",
        "getRemoved",
        "setRemoved",
        "getUpdated",
        "setUpdated",
        "getCreated",
        "setCreated"
    ],
    "file_properties": []
}
[2025-05-28 01:44:51] Traitement du fichier {
    "file_class": "ProgressionWebService\\TaskAttachment",
    "file_methods": [
        "__construct",
        "getTypeRef",
        "setTypeRef",
        "getTitle",
        "setTitle",
        "getDescription",
        "setDescription",
        "getName",
        "setName",
        "getContentType",
        "setContentType",
        "getSize",
        "setSize",
        "getData",
        "setData",
        "getMetas",
        "setMetas",
        "getProperties",
        "setProperties",
        "getTags",
        "setTags",
        "getComments",
        "setComments",
        "getCreatorRef",
        "setCreatorRef",
        "getId",
        "setId",
        "getUID",
        "setUID",
        "getExternalId",
        "setExternalId",
        "getRemoved",
        "setRemoved",
        "getUpdated",
        "setUpdated",
        "getCreated",
        "setCreated"
    ],
    "file_properties": []
}
[2025-05-28 01:44:51] Traitement du fichier {
    "file_class": "ProgressionWebService\\TaskAttachment",
    "file_methods": [
        "__construct",
        "getTypeRef",
        "setTypeRef",
        "getTitle",
        "setTitle",
        "getDescription",
        "setDescription",
        "getName",
        "setName",
        "getContentType",
        "setContentType",
        "getSize",
        "setSize",
        "getData",
        "setData",
        "getMetas",
        "setMetas",
        "getProperties",
        "setProperties",
        "getTags",
        "setTags",
        "getComments",
        "setComments",
        "getCreatorRef",
        "setCreatorRef",
        "getId",
        "setId",
        "getUID",
        "setUID",
        "getExternalId",
        "setExternalId",
        "getRemoved",
        "setRemoved",
        "getUpdated",
        "setUpdated",
        "getCreated",
        "setCreated"
    ],
    "file_properties": []
}
[2025-05-28 01:44:51] Traitement du fichier {
    "file_class": "ProgressionWebService\\TaskAttachment",
    "file_methods": [
        "__construct",
        "getTypeRef",
        "setTypeRef",
        "getTitle",
        "setTitle",
        "getDescription",
        "setDescription",
        "getName",
        "setName",
        "getContentType",
        "setContentType",
        "getSize",
        "setSize",
        "getData",
        "setData",
        "getMetas",
        "setMetas",
        "getProperties",
        "setProperties",
        "getTags",
        "setTags",
        "getComments",
        "setComments",
        "getCreatorRef",
        "setCreatorRef",
        "getId",
        "setId",
        "getUID",
        "setUID",
        "getExternalId",
        "setExternalId",
        "getRemoved",
        "setRemoved",
        "getUpdated",
        "setUpdated",
        "getCreated",
        "setCreated"
    ],
    "file_properties": []
}
[2025-05-28 01:44:51] Traitement du fichier {
    "file_class": "ProgressionWebService\\TaskAttachment",
    "file_methods": [
        "__construct",
        "getTypeRef",
        "setTypeRef",
        "getTitle",
        "setTitle",
        "getDescription",
        "setDescription",
        "getName",
        "setName",
        "getContentType",
        "setContentType",
        "getSize",
        "setSize",
        "getData",
        "setData",
        "getMetas",
        "setMetas",
        "getProperties",
        "setProperties",
        "getTags",
        "setTags",
        "getComments",
        "setComments",
        "getCreatorRef",
        "setCreatorRef",
        "getId",
        "setId",
        "getUID",
        "setUID",
        "getExternalId",
        "setExternalId",
        "getRemoved",
        "setRemoved",
        "getUpdated",
        "setUpdated",
        "getCreated",
        "setCreated"
    ],
    "file_properties": []
}
[2025-05-28 01:44:51] Traitement du fichier {
    "file_class": "ProgressionWebService\\TaskAttachment",
    "file_methods": [
        "__construct",
        "getTypeRef",
        "setTypeRef",
        "getTitle",
        "setTitle",
        "getDescription",
        "setDescription",
        "getName",
        "setName",
        "getContentType",
        "setContentType",
        "getSize",
        "setSize",
        "getData",
        "setData",
        "getMetas",
        "setMetas",
        "getProperties",
        "setProperties",
        "getTags",
        "setTags",
        "getComments",
        "setComments",
        "getCreatorRef",
        "setCreatorRef",
        "getId",
        "setId",
        "getUID",
        "setUID",
        "getExternalId",
        "setExternalId",
        "getRemoved",
        "setRemoved",
        "getUpdated",
        "setUpdated",
        "getCreated",
        "setCreated"
    ],
    "file_properties": []
}
[2025-05-28 01:44:51] Traitement du fichier {
    "file_class": "ProgressionWebService\\TaskAttachment",
    "file_methods": [
        "__construct",
        "getTypeRef",
        "setTypeRef",
        "getTitle",
        "setTitle",
        "getDescription",
        "setDescription",
        "getName",
        "setName",
        "getContentType",
        "setContentType",
        "getSize",
        "setSize",
        "getData",
        "setData",
        "getMetas",
        "setMetas",
        "getProperties",
        "setProperties",
        "getTags",
        "setTags",
        "getComments",
        "setComments",
        "getCreatorRef",
        "setCreatorRef",
        "getId",
        "setId",
        "getUID",
        "setUID",
        "getExternalId",
        "setExternalId",
        "getRemoved",
        "setRemoved",
        "getUpdated",
        "setUpdated",
        "getCreated",
        "setCreated"
    ],
    "file_properties": []
}
[2025-05-28 01:44:51] Résultat final de la recherche de pièces jointes {
    "count": 7,
    "attachments": [
        {
            "id": 30407,
            "name": "SOU011485.pdf",
            "size": 16367,
            "isTargetFile": false
        },
        {
            "id": 30432,
            "name": "EMPL_EXT.jpg",
            "size": 452549,
            "isTargetFile": false
        },
        {
            "id": 30433,
            "name": "EMPL_INT.jpg",
            "size": 284502,
            "isTargetFile": false
        },
        {
            "id": 30434,
            "name": "ESPACE_INT.jpg",
            "size": 149939,
            "isTargetFile": false
        },
        {
            "id": 30435,
            "name": "EXEMPLE_EXT.png",
            "size": 236941,
            "isTargetFile": false
        },
        {
            "id": 30436,
            "name": "PANNEAU.jpg",
            "size": 330636,
            "isTargetFile": false
        },
        {
            "id": 30440,
            "name": "PLAN.pdf",
            "size": 330364,
            "isTargetFile": false
        }
    ]
}
[2025-05-28 01:44:51] Réponse finale {
    "files_count": 7
}
[2025-05-28 01:45:20] Utilisation des données réelles de ProgressionLive []
[2025-05-28 01:45:20] Démarrage de la requête pour l'installation {
    "ins": "INS011658"
}
[2025-05-28 01:45:20] Configuration chargée []
[2025-05-28 01:45:20] URLs du service {
    "baseUrl": "https:\/\/garychartrand.progressionlive.com",
    "serviceUrl": "https:\/\/garychartrand.progressionlive.com\/server\/ws\/v2\/ProgressionWebService"
}
[2025-05-28 01:45:20] Création du service SOAP []
[2025-05-28 01:45:21] Service SOAP créé []
[2025-05-28 01:45:21] Informations d'identification créées {
    "username": "pierre@garychartrand.com"
}
[2025-05-28 01:45:21] Tentative de connexion []
[2025-05-28 01:45:21] Connexion réussie []
[2025-05-28 01:45:21] Recherche de la tâche {
    "installation": "INS011658"
}
[2025-05-28 01:45:21] Envoi de la requête SearchRecords []
[2025-05-28 01:45:21] Réponse de SearchRecords reçue []
[2025-05-28 01:45:21] Tâche trouvée {
    "task_id": 11658
}
[2025-05-28 01:45:21] Recherche des pièces jointes []
[2025-05-28 01:45:21] Envoi de la requête pour les pièces jointes {
    "task_id": 11658,
    "request": {
        "parentId": 11658,
        "recordType": "TASK_ATTACHMENT",
        "query": "parent.id = :parentId"
    }
}
[2025-05-28 01:45:22] Réponse reçue pour les pièces jointes {
    "has_records": true,
    "response_type": "object"
}
[2025-05-28 01:45:22] Structure de la réponse {
    "methods": [
        "__construct",
        "getRecords",
        "setRecords"
    ],
    "properties": []
}
[2025-05-28 01:45:22] Analyse de la réponse pour les pièces jointes {
    "reponse_null": false,
    "has_getRecords_method": true,
    "response_class": "ProgressionWebService\\SearchRecordsResponse"
}
[2025-05-28 01:45:22] Records obtenus {
    "records_null": false
}
[2025-05-28 01:45:22] Pièces jointes trouvées via getRecord() {
    "count": 7
}
[2025-05-28 01:45:22] Traitement du fichier {
    "file_class": "ProgressionWebService\\TaskAttachment",
    "file_methods": [
        "__construct",
        "getTypeRef",
        "setTypeRef",
        "getTitle",
        "setTitle",
        "getDescription",
        "setDescription",
        "getName",
        "setName",
        "getContentType",
        "setContentType",
        "getSize",
        "setSize",
        "getData",
        "setData",
        "getMetas",
        "setMetas",
        "getProperties",
        "setProperties",
        "getTags",
        "setTags",
        "getComments",
        "setComments",
        "getCreatorRef",
        "setCreatorRef",
        "getId",
        "setId",
        "getUID",
        "setUID",
        "getExternalId",
        "setExternalId",
        "getRemoved",
        "setRemoved",
        "getUpdated",
        "setUpdated",
        "getCreated",
        "setCreated"
    ],
    "file_properties": []
}
[2025-05-28 01:45:22] Traitement du fichier {
    "file_class": "ProgressionWebService\\TaskAttachment",
    "file_methods": [
        "__construct",
        "getTypeRef",
        "setTypeRef",
        "getTitle",
        "setTitle",
        "getDescription",
        "setDescription",
        "getName",
        "setName",
        "getContentType",
        "setContentType",
        "getSize",
        "setSize",
        "getData",
        "setData",
        "getMetas",
        "setMetas",
        "getProperties",
        "setProperties",
        "getTags",
        "setTags",
        "getComments",
        "setComments",
        "getCreatorRef",
        "setCreatorRef",
        "getId",
        "setId",
        "getUID",
        "setUID",
        "getExternalId",
        "setExternalId",
        "getRemoved",
        "setRemoved",
        "getUpdated",
        "setUpdated",
        "getCreated",
        "setCreated"
    ],
    "file_properties": []
}
[2025-05-28 01:45:22] Traitement du fichier {
    "file_class": "ProgressionWebService\\TaskAttachment",
    "file_methods": [
        "__construct",
        "getTypeRef",
        "setTypeRef",
        "getTitle",
        "setTitle",
        "getDescription",
        "setDescription",
        "getName",
        "setName",
        "getContentType",
        "setContentType",
        "getSize",
        "setSize",
        "getData",
        "setData",
        "getMetas",
        "setMetas",
        "getProperties",
        "setProperties",
        "getTags",
        "setTags",
        "getComments",
        "setComments",
        "getCreatorRef",
        "setCreatorRef",
        "getId",
        "setId",
        "getUID",
        "setUID",
        "getExternalId",
        "setExternalId",
        "getRemoved",
        "setRemoved",
        "getUpdated",
        "setUpdated",
        "getCreated",
        "setCreated"
    ],
    "file_properties": []
}
[2025-05-28 01:45:22] Traitement du fichier {
    "file_class": "ProgressionWebService\\TaskAttachment",
    "file_methods": [
        "__construct",
        "getTypeRef",
        "setTypeRef",
        "getTitle",
        "setTitle",
        "getDescription",
        "setDescription",
        "getName",
        "setName",
        "getContentType",
        "setContentType",
        "getSize",
        "setSize",
        "getData",
        "setData",
        "getMetas",
        "setMetas",
        "getProperties",
        "setProperties",
        "getTags",
        "setTags",
        "getComments",
        "setComments",
        "getCreatorRef",
        "setCreatorRef",
        "getId",
        "setId",
        "getUID",
        "setUID",
        "getExternalId",
        "setExternalId",
        "getRemoved",
        "setRemoved",
        "getUpdated",
        "setUpdated",
        "getCreated",
        "setCreated"
    ],
    "file_properties": []
}
[2025-05-28 01:45:22] Traitement du fichier {
    "file_class": "ProgressionWebService\\TaskAttachment",
    "file_methods": [
        "__construct",
        "getTypeRef",
        "setTypeRef",
        "getTitle",
        "setTitle",
        "getDescription",
        "setDescription",
        "getName",
        "setName",
        "getContentType",
        "setContentType",
        "getSize",
        "setSize",
        "getData",
        "setData",
        "getMetas",
        "setMetas",
        "getProperties",
        "setProperties",
        "getTags",
        "setTags",
        "getComments",
        "setComments",
        "getCreatorRef",
        "setCreatorRef",
        "getId",
        "setId",
        "getUID",
        "setUID",
        "getExternalId",
        "setExternalId",
        "getRemoved",
        "setRemoved",
        "getUpdated",
        "setUpdated",
        "getCreated",
        "setCreated"
    ],
    "file_properties": []
}
[2025-05-28 01:45:22] Traitement du fichier {
    "file_class": "ProgressionWebService\\TaskAttachment",
    "file_methods": [
        "__construct",
        "getTypeRef",
        "setTypeRef",
        "getTitle",
        "setTitle",
        "getDescription",
        "setDescription",
        "getName",
        "setName",
        "getContentType",
        "setContentType",
        "getSize",
        "setSize",
        "getData",
        "setData",
        "getMetas",
        "setMetas",
        "getProperties",
        "setProperties",
        "getTags",
        "setTags",
        "getComments",
        "setComments",
        "getCreatorRef",
        "setCreatorRef",
        "getId",
        "setId",
        "getUID",
        "setUID",
        "getExternalId",
        "setExternalId",
        "getRemoved",
        "setRemoved",
        "getUpdated",
        "setUpdated",
        "getCreated",
        "setCreated"
    ],
    "file_properties": []
}
[2025-05-28 01:45:22] Traitement du fichier {
    "file_class": "ProgressionWebService\\TaskAttachment",
    "file_methods": [
        "__construct",
        "getTypeRef",
        "setTypeRef",
        "getTitle",
        "setTitle",
        "getDescription",
        "setDescription",
        "getName",
        "setName",
        "getContentType",
        "setContentType",
        "getSize",
        "setSize",
        "getData",
        "setData",
        "getMetas",
        "setMetas",
        "getProperties",
        "setProperties",
        "getTags",
        "setTags",
        "getComments",
        "setComments",
        "getCreatorRef",
        "setCreatorRef",
        "getId",
        "setId",
        "getUID",
        "setUID",
        "getExternalId",
        "setExternalId",
        "getRemoved",
        "setRemoved",
        "getUpdated",
        "setUpdated",
        "getCreated",
        "setCreated"
    ],
    "file_properties": []
}
[2025-05-28 01:45:22] Résultat final de la recherche de pièces jointes {
    "count": 7,
    "attachments": [
        {
            "id": 30407,
            "name": "SOU011485.pdf",
            "size": 16367,
            "isTargetFile": false
        },
        {
            "id": 30432,
            "name": "EMPL_EXT.jpg",
            "size": 452549,
            "isTargetFile": false
        },
        {
            "id": 30433,
            "name": "EMPL_INT.jpg",
            "size": 284502,
            "isTargetFile": false
        },
        {
            "id": 30434,
            "name": "ESPACE_INT.jpg",
            "size": 149939,
            "isTargetFile": false
        },
        {
            "id": 30435,
            "name": "EXEMPLE_EXT.png",
            "size": 236941,
            "isTargetFile": false
        },
        {
            "id": 30436,
            "name": "PANNEAU.jpg",
            "size": 330636,
            "isTargetFile": false
        },
        {
            "id": 30440,
            "name": "PLAN.pdf",
            "size": 330364,
            "isTargetFile": false
        }
    ]
}
[2025-05-28 01:45:22] Réponse finale {
    "files_count": 7
}
[2025-05-28 01:45:23] Utilisation des données réelles de ProgressionLive []
[2025-05-28 01:45:23] Démarrage de la requête pour l'installation {
    "ins": "INS011658"
}
[2025-05-28 01:45:23] Configuration chargée []
[2025-05-28 01:45:23] URLs du service {
    "baseUrl": "https:\/\/garychartrand.progressionlive.com",
    "serviceUrl": "https:\/\/garychartrand.progressionlive.com\/server\/ws\/v2\/ProgressionWebService"
}
[2025-05-28 01:45:23] Création du service SOAP []
[2025-05-28 01:45:23] Service SOAP créé []
[2025-05-28 01:45:23] Informations d'identification créées {
    "username": "pierre@garychartrand.com"
}
[2025-05-28 01:45:23] Tentative de connexion []
[2025-05-28 01:45:23] Connexion réussie []
[2025-05-28 01:45:23] Recherche de la tâche {
    "installation": "INS011658"
}
[2025-05-28 01:45:23] Envoi de la requête SearchRecords []
[2025-05-28 01:45:23] Réponse de SearchRecords reçue []
[2025-05-28 01:45:23] Tâche trouvée {
    "task_id": 11658
}
[2025-05-28 01:45:23] Recherche des pièces jointes []
[2025-05-28 01:45:23] Envoi de la requête pour les pièces jointes {
    "task_id": 11658,
    "request": {
        "parentId": 11658,
        "recordType": "TASK_ATTACHMENT",
        "query": "parent.id = :parentId"
    }
}
[2025-05-28 01:45:24] Réponse reçue pour les pièces jointes {
    "has_records": true,
    "response_type": "object"
}
[2025-05-28 01:45:24] Structure de la réponse {
    "methods": [
        "__construct",
        "getRecords",
        "setRecords"
    ],
    "properties": []
}
[2025-05-28 01:45:24] Analyse de la réponse pour les pièces jointes {
    "reponse_null": false,
    "has_getRecords_method": true,
    "response_class": "ProgressionWebService\\SearchRecordsResponse"
}
[2025-05-28 01:45:24] Records obtenus {
    "records_null": false
}
[2025-05-28 01:45:24] Pièces jointes trouvées via getRecord() {
    "count": 7
}
[2025-05-28 01:45:24] Traitement du fichier {
    "file_class": "ProgressionWebService\\TaskAttachment",
    "file_methods": [
        "__construct",
        "getTypeRef",
        "setTypeRef",
        "getTitle",
        "setTitle",
        "getDescription",
        "setDescription",
        "getName",
        "setName",
        "getContentType",
        "setContentType",
        "getSize",
        "setSize",
        "getData",
        "setData",
        "getMetas",
        "setMetas",
        "getProperties",
        "setProperties",
        "getTags",
        "setTags",
        "getComments",
        "setComments",
        "getCreatorRef",
        "setCreatorRef",
        "getId",
        "setId",
        "getUID",
        "setUID",
        "getExternalId",
        "setExternalId",
        "getRemoved",
        "setRemoved",
        "getUpdated",
        "setUpdated",
        "getCreated",
        "setCreated"
    ],
    "file_properties": []
}
[2025-05-28 01:45:24] Traitement du fichier {
    "file_class": "ProgressionWebService\\TaskAttachment",
    "file_methods": [
        "__construct",
        "getTypeRef",
        "setTypeRef",
        "getTitle",
        "setTitle",
        "getDescription",
        "setDescription",
        "getName",
        "setName",
        "getContentType",
        "setContentType",
        "getSize",
        "setSize",
        "getData",
        "setData",
        "getMetas",
        "setMetas",
        "getProperties",
        "setProperties",
        "getTags",
        "setTags",
        "getComments",
        "setComments",
        "getCreatorRef",
        "setCreatorRef",
        "getId",
        "setId",
        "getUID",
        "setUID",
        "getExternalId",
        "setExternalId",
        "getRemoved",
        "setRemoved",
        "getUpdated",
        "setUpdated",
        "getCreated",
        "setCreated"
    ],
    "file_properties": []
}
[2025-05-28 01:45:24] Traitement du fichier {
    "file_class": "ProgressionWebService\\TaskAttachment",
    "file_methods": [
        "__construct",
        "getTypeRef",
        "setTypeRef",
        "getTitle",
        "setTitle",
        "getDescription",
        "setDescription",
        "getName",
        "setName",
        "getContentType",
        "setContentType",
        "getSize",
        "setSize",
        "getData",
        "setData",
        "getMetas",
        "setMetas",
        "getProperties",
        "setProperties",
        "getTags",
        "setTags",
        "getComments",
        "setComments",
        "getCreatorRef",
        "setCreatorRef",
        "getId",
        "setId",
        "getUID",
        "setUID",
        "getExternalId",
        "setExternalId",
        "getRemoved",
        "setRemoved",
        "getUpdated",
        "setUpdated",
        "getCreated",
        "setCreated"
    ],
    "file_properties": []
}
[2025-05-28 01:45:24] Traitement du fichier {
    "file_class": "ProgressionWebService\\TaskAttachment",
    "file_methods": [
        "__construct",
        "getTypeRef",
        "setTypeRef",
        "getTitle",
        "setTitle",
        "getDescription",
        "setDescription",
        "getName",
        "setName",
        "getContentType",
        "setContentType",
        "getSize",
        "setSize",
        "getData",
        "setData",
        "getMetas",
        "setMetas",
        "getProperties",
        "setProperties",
        "getTags",
        "setTags",
        "getComments",
        "setComments",
        "getCreatorRef",
        "setCreatorRef",
        "getId",
        "setId",
        "getUID",
        "setUID",
        "getExternalId",
        "setExternalId",
        "getRemoved",
        "setRemoved",
        "getUpdated",
        "setUpdated",
        "getCreated",
        "setCreated"
    ],
    "file_properties": []
}
[2025-05-28 01:45:24] Traitement du fichier {
    "file_class": "ProgressionWebService\\TaskAttachment",
    "file_methods": [
        "__construct",
        "getTypeRef",
        "setTypeRef",
        "getTitle",
        "setTitle",
        "getDescription",
        "setDescription",
        "getName",
        "setName",
        "getContentType",
        "setContentType",
        "getSize",
        "setSize",
        "getData",
        "setData",
        "getMetas",
        "setMetas",
        "getProperties",
        "setProperties",
        "getTags",
        "setTags",
        "getComments",
        "setComments",
        "getCreatorRef",
        "setCreatorRef",
        "getId",
        "setId",
        "getUID",
        "setUID",
        "getExternalId",
        "setExternalId",
        "getRemoved",
        "setRemoved",
        "getUpdated",
        "setUpdated",
        "getCreated",
        "setCreated"
    ],
    "file_properties": []
}
[2025-05-28 01:45:24] Traitement du fichier {
    "file_class": "ProgressionWebService\\TaskAttachment",
    "file_methods": [
        "__construct",
        "getTypeRef",
        "setTypeRef",
        "getTitle",
        "setTitle",
        "getDescription",
        "setDescription",
        "getName",
        "setName",
        "getContentType",
        "setContentType",
        "getSize",
        "setSize",
        "getData",
        "setData",
        "getMetas",
        "setMetas",
        "getProperties",
        "setProperties",
        "getTags",
        "setTags",
        "getComments",
        "setComments",
        "getCreatorRef",
        "setCreatorRef",
        "getId",
        "setId",
        "getUID",
        "setUID",
        "getExternalId",
        "setExternalId",
        "getRemoved",
        "setRemoved",
        "getUpdated",
        "setUpdated",
        "getCreated",
        "setCreated"
    ],
    "file_properties": []
}
[2025-05-28 01:45:24] Traitement du fichier {
    "file_class": "ProgressionWebService\\TaskAttachment",
    "file_methods": [
        "__construct",
        "getTypeRef",
        "setTypeRef",
        "getTitle",
        "setTitle",
        "getDescription",
        "setDescription",
        "getName",
        "setName",
        "getContentType",
        "setContentType",
        "getSize",
        "setSize",
        "getData",
        "setData",
        "getMetas",
        "setMetas",
        "getProperties",
        "setProperties",
        "getTags",
        "setTags",
        "getComments",
        "setComments",
        "getCreatorRef",
        "setCreatorRef",
        "getId",
        "setId",
        "getUID",
        "setUID",
        "getExternalId",
        "setExternalId",
        "getRemoved",
        "setRemoved",
        "getUpdated",
        "setUpdated",
        "getCreated",
        "setCreated"
    ],
    "file_properties": []
}
[2025-05-28 01:45:24] Résultat final de la recherche de pièces jointes {
    "count": 7,
    "attachments": [
        {
            "id": 30407,
            "name": "SOU011485.pdf",
            "size": 16367,
            "isTargetFile": false
        },
        {
            "id": 30432,
            "name": "EMPL_EXT.jpg",
            "size": 452549,
            "isTargetFile": false
        },
        {
            "id": 30433,
            "name": "EMPL_INT.jpg",
            "size": 284502,
            "isTargetFile": false
        },
        {
            "id": 30434,
            "name": "ESPACE_INT.jpg",
            "size": 149939,
            "isTargetFile": false
        },
        {
            "id": 30435,
            "name": "EXEMPLE_EXT.png",
            "size": 236941,
            "isTargetFile": false
        },
        {
            "id": 30436,
            "name": "PANNEAU.jpg",
            "size": 330636,
            "isTargetFile": false
        },
        {
            "id": 30440,
            "name": "PLAN.pdf",
            "size": 330364,
            "isTargetFile": false
        }
    ]
}
[2025-05-28 01:45:24] Réponse finale {
    "files_count": 7
}
[2025-05-28 01:47:59] Utilisation des données réelles de ProgressionLive []
[2025-05-28 01:47:59] Démarrage de la requête pour l'installation {
    "ins": "INS011658"
}
[2025-05-28 01:47:59] Configuration chargée []
[2025-05-28 01:47:59] URLs du service {
    "baseUrl": "https:\/\/garychartrand.progressionlive.com",
    "serviceUrl": "https:\/\/garychartrand.progressionlive.com\/server\/ws\/v2\/ProgressionWebService"
}
[2025-05-28 01:47:59] Création du service SOAP []
[2025-05-28 01:47:59] Service SOAP créé []
[2025-05-28 01:47:59] Informations d'identification créées {
    "username": "pierre@garychartrand.com"
}
[2025-05-28 01:47:59] Tentative de connexion []
[2025-05-28 01:48:00] Connexion réussie []
[2025-05-28 01:48:00] Recherche de la tâche {
    "installation": "INS011658"
}
[2025-05-28 01:48:00] Envoi de la requête SearchRecords []
[2025-05-28 01:48:00] Réponse de SearchRecords reçue []
[2025-05-28 01:48:00] Tâche trouvée {
    "task_id": 11658
}
[2025-05-28 01:48:00] Recherche des pièces jointes []
[2025-05-28 01:48:00] Envoi de la requête pour les pièces jointes {
    "task_id": 11658,
    "request": {
        "parentId": 11658,
        "recordType": "TASK_ATTACHMENT",
        "query": "parent.id = :parentId"
    }
}
[2025-05-28 01:48:01] Réponse reçue pour les pièces jointes {
    "has_records": true,
    "response_type": "object"
}
[2025-05-28 01:48:01] Structure de la réponse {
    "methods": [
        "__construct",
        "getRecords",
        "setRecords"
    ],
    "properties": []
}
[2025-05-28 01:48:01] Analyse de la réponse pour les pièces jointes {
    "reponse_null": false,
    "has_getRecords_method": true,
    "response_class": "ProgressionWebService\\SearchRecordsResponse"
}
[2025-05-28 01:48:01] Records obtenus {
    "records_null": false
}
[2025-05-28 01:48:01] Pièces jointes trouvées via getRecord() {
    "count": 7
}
[2025-05-28 01:48:01] Traitement du fichier {
    "file_class": "ProgressionWebService\\TaskAttachment",
    "file_methods": [
        "__construct",
        "getTypeRef",
        "setTypeRef",
        "getTitle",
        "setTitle",
        "getDescription",
        "setDescription",
        "getName",
        "setName",
        "getContentType",
        "setContentType",
        "getSize",
        "setSize",
        "getData",
        "setData",
        "getMetas",
        "setMetas",
        "getProperties",
        "setProperties",
        "getTags",
        "setTags",
        "getComments",
        "setComments",
        "getCreatorRef",
        "setCreatorRef",
        "getId",
        "setId",
        "getUID",
        "setUID",
        "getExternalId",
        "setExternalId",
        "getRemoved",
        "setRemoved",
        "getUpdated",
        "setUpdated",
        "getCreated",
        "setCreated"
    ],
    "file_properties": []
}
[2025-05-28 01:48:01] Traitement du fichier {
    "file_class": "ProgressionWebService\\TaskAttachment",
    "file_methods": [
        "__construct",
        "getTypeRef",
        "setTypeRef",
        "getTitle",
        "setTitle",
        "getDescription",
        "setDescription",
        "getName",
        "setName",
        "getContentType",
        "setContentType",
        "getSize",
        "setSize",
        "getData",
        "setData",
        "getMetas",
        "setMetas",
        "getProperties",
        "setProperties",
        "getTags",
        "setTags",
        "getComments",
        "setComments",
        "getCreatorRef",
        "setCreatorRef",
        "getId",
        "setId",
        "getUID",
        "setUID",
        "getExternalId",
        "setExternalId",
        "getRemoved",
        "setRemoved",
        "getUpdated",
        "setUpdated",
        "getCreated",
        "setCreated"
    ],
    "file_properties": []
}
[2025-05-28 01:48:01] Traitement du fichier {
    "file_class": "ProgressionWebService\\TaskAttachment",
    "file_methods": [
        "__construct",
        "getTypeRef",
        "setTypeRef",
        "getTitle",
        "setTitle",
        "getDescription",
        "setDescription",
        "getName",
        "setName",
        "getContentType",
        "setContentType",
        "getSize",
        "setSize",
        "getData",
        "setData",
        "getMetas",
        "setMetas",
        "getProperties",
        "setProperties",
        "getTags",
        "setTags",
        "getComments",
        "setComments",
        "getCreatorRef",
        "setCreatorRef",
        "getId",
        "setId",
        "getUID",
        "setUID",
        "getExternalId",
        "setExternalId",
        "getRemoved",
        "setRemoved",
        "getUpdated",
        "setUpdated",
        "getCreated",
        "setCreated"
    ],
    "file_properties": []
}
[2025-05-28 01:48:01] Traitement du fichier {
    "file_class": "ProgressionWebService\\TaskAttachment",
    "file_methods": [
        "__construct",
        "getTypeRef",
        "setTypeRef",
        "getTitle",
        "setTitle",
        "getDescription",
        "setDescription",
        "getName",
        "setName",
        "getContentType",
        "setContentType",
        "getSize",
        "setSize",
        "getData",
        "setData",
        "getMetas",
        "setMetas",
        "getProperties",
        "setProperties",
        "getTags",
        "setTags",
        "getComments",
        "setComments",
        "getCreatorRef",
        "setCreatorRef",
        "getId",
        "setId",
        "getUID",
        "setUID",
        "getExternalId",
        "setExternalId",
        "getRemoved",
        "setRemoved",
        "getUpdated",
        "setUpdated",
        "getCreated",
        "setCreated"
    ],
    "file_properties": []
}
[2025-05-28 01:48:01] Traitement du fichier {
    "file_class": "ProgressionWebService\\TaskAttachment",
    "file_methods": [
        "__construct",
        "getTypeRef",
        "setTypeRef",
        "getTitle",
        "setTitle",
        "getDescription",
        "setDescription",
        "getName",
        "setName",
        "getContentType",
        "setContentType",
        "getSize",
        "setSize",
        "getData",
        "setData",
        "getMetas",
        "setMetas",
        "getProperties",
        "setProperties",
        "getTags",
        "setTags",
        "getComments",
        "setComments",
        "getCreatorRef",
        "setCreatorRef",
        "getId",
        "setId",
        "getUID",
        "setUID",
        "getExternalId",
        "setExternalId",
        "getRemoved",
        "setRemoved",
        "getUpdated",
        "setUpdated",
        "getCreated",
        "setCreated"
    ],
    "file_properties": []
}
[2025-05-28 01:48:01] Traitement du fichier {
    "file_class": "ProgressionWebService\\TaskAttachment",
    "file_methods": [
        "__construct",
        "getTypeRef",
        "setTypeRef",
        "getTitle",
        "setTitle",
        "getDescription",
        "setDescription",
        "getName",
        "setName",
        "getContentType",
        "setContentType",
        "getSize",
        "setSize",
        "getData",
        "setData",
        "getMetas",
        "setMetas",
        "getProperties",
        "setProperties",
        "getTags",
        "setTags",
        "getComments",
        "setComments",
        "getCreatorRef",
        "setCreatorRef",
        "getId",
        "setId",
        "getUID",
        "setUID",
        "getExternalId",
        "setExternalId",
        "getRemoved",
        "setRemoved",
        "getUpdated",
        "setUpdated",
        "getCreated",
        "setCreated"
    ],
    "file_properties": []
}
[2025-05-28 01:48:01] Traitement du fichier {
    "file_class": "ProgressionWebService\\TaskAttachment",
    "file_methods": [
        "__construct",
        "getTypeRef",
        "setTypeRef",
        "getTitle",
        "setTitle",
        "getDescription",
        "setDescription",
        "getName",
        "setName",
        "getContentType",
        "setContentType",
        "getSize",
        "setSize",
        "getData",
        "setData",
        "getMetas",
        "setMetas",
        "getProperties",
        "setProperties",
        "getTags",
        "setTags",
        "getComments",
        "setComments",
        "getCreatorRef",
        "setCreatorRef",
        "getId",
        "setId",
        "getUID",
        "setUID",
        "getExternalId",
        "setExternalId",
        "getRemoved",
        "setRemoved",
        "getUpdated",
        "setUpdated",
        "getCreated",
        "setCreated"
    ],
    "file_properties": []
}
[2025-05-28 01:48:01] Résultat final de la recherche de pièces jointes {
    "count": 7,
    "attachments": [
        {
            "id": 30407,
            "name": "SOU011485.pdf",
            "size": 16367,
            "isTargetFile": false
        },
        {
            "id": 30432,
            "name": "EMPL_EXT.jpg",
            "size": 452549,
            "isTargetFile": false
        },
        {
            "id": 30433,
            "name": "EMPL_INT.jpg",
            "size": 284502,
            "isTargetFile": false
        },
        {
            "id": 30434,
            "name": "ESPACE_INT.jpg",
            "size": 149939,
            "isTargetFile": false
        },
        {
            "id": 30435,
            "name": "EXEMPLE_EXT.png",
            "size": 236941,
            "isTargetFile": false
        },
        {
            "id": 30436,
            "name": "PANNEAU.jpg",
            "size": 330636,
            "isTargetFile": false
        },
        {
            "id": 30440,
            "name": "PLAN.pdf",
            "size": 330364,
            "isTargetFile": false
        }
    ]
}
[2025-05-28 01:48:01] Réponse finale {
    "files_count": 7
}
[2025-05-28 01:49:18] Utilisation des données réelles de ProgressionLive []
[2025-05-28 01:49:18] Démarrage de la requête pour l'installation {
    "ins": "INS011658"
}
[2025-05-28 01:49:18] Configuration chargée []
[2025-05-28 01:49:18] URLs du service {
    "baseUrl": "https:\/\/garychartrand.progressionlive.com",
    "serviceUrl": "https:\/\/garychartrand.progressionlive.com\/server\/ws\/v2\/ProgressionWebService"
}
[2025-05-28 01:49:18] Création du service SOAP []
[2025-05-28 01:49:19] Service SOAP créé []
[2025-05-28 01:49:19] Informations d'identification créées {
    "username": "pierre@garychartrand.com"
}
[2025-05-28 01:49:19] Tentative de connexion []
[2025-05-28 01:49:19] Connexion réussie []
[2025-05-28 01:49:19] Recherche de la tâche {
    "installation": "INS011658"
}
[2025-05-28 01:49:19] Envoi de la requête SearchRecords []
[2025-05-28 01:49:19] Réponse de SearchRecords reçue []
[2025-05-28 01:49:19] Tâche trouvée {
    "task_id": 11658
}
[2025-05-28 01:49:19] Recherche des pièces jointes []
[2025-05-28 01:49:19] Envoi de la requête pour les pièces jointes {
    "task_id": 11658,
    "request": {
        "parentId": 11658,
        "recordType": "TASK_ATTACHMENT",
        "query": "parent.id = :parentId"
    }
}
[2025-05-28 01:49:20] Réponse reçue pour les pièces jointes {
    "has_records": true,
    "response_type": "object"
}
[2025-05-28 01:49:20] Structure de la réponse {
    "methods": [
        "__construct",
        "getRecords",
        "setRecords"
    ],
    "properties": []
}
[2025-05-28 01:49:20] Analyse de la réponse pour les pièces jointes {
    "reponse_null": false,
    "has_getRecords_method": true,
    "response_class": "ProgressionWebService\\SearchRecordsResponse"
}
[2025-05-28 01:49:20] Records obtenus {
    "records_null": false
}
[2025-05-28 01:49:20] Pièces jointes trouvées via getRecord() {
    "count": 7
}
[2025-05-28 01:49:20] Traitement du fichier {
    "file_class": "ProgressionWebService\\TaskAttachment",
    "file_methods": [
        "__construct",
        "getTypeRef",
        "setTypeRef",
        "getTitle",
        "setTitle",
        "getDescription",
        "setDescription",
        "getName",
        "setName",
        "getContentType",
        "setContentType",
        "getSize",
        "setSize",
        "getData",
        "setData",
        "getMetas",
        "setMetas",
        "getProperties",
        "setProperties",
        "getTags",
        "setTags",
        "getComments",
        "setComments",
        "getCreatorRef",
        "setCreatorRef",
        "getId",
        "setId",
        "getUID",
        "setUID",
        "getExternalId",
        "setExternalId",
        "getRemoved",
        "setRemoved",
        "getUpdated",
        "setUpdated",
        "getCreated",
        "setCreated"
    ],
    "file_properties": []
}
[2025-05-28 01:49:20] Traitement du fichier {
    "file_class": "ProgressionWebService\\TaskAttachment",
    "file_methods": [
        "__construct",
        "getTypeRef",
        "setTypeRef",
        "getTitle",
        "setTitle",
        "getDescription",
        "setDescription",
        "getName",
        "setName",
        "getContentType",
        "setContentType",
        "getSize",
        "setSize",
        "getData",
        "setData",
        "getMetas",
        "setMetas",
        "getProperties",
        "setProperties",
        "getTags",
        "setTags",
        "getComments",
        "setComments",
        "getCreatorRef",
        "setCreatorRef",
        "getId",
        "setId",
        "getUID",
        "setUID",
        "getExternalId",
        "setExternalId",
        "getRemoved",
        "setRemoved",
        "getUpdated",
        "setUpdated",
        "getCreated",
        "setCreated"
    ],
    "file_properties": []
}
[2025-05-28 01:49:20] Traitement du fichier {
    "file_class": "ProgressionWebService\\TaskAttachment",
    "file_methods": [
        "__construct",
        "getTypeRef",
        "setTypeRef",
        "getTitle",
        "setTitle",
        "getDescription",
        "setDescription",
        "getName",
        "setName",
        "getContentType",
        "setContentType",
        "getSize",
        "setSize",
        "getData",
        "setData",
        "getMetas",
        "setMetas",
        "getProperties",
        "setProperties",
        "getTags",
        "setTags",
        "getComments",
        "setComments",
        "getCreatorRef",
        "setCreatorRef",
        "getId",
        "setId",
        "getUID",
        "setUID",
        "getExternalId",
        "setExternalId",
        "getRemoved",
        "setRemoved",
        "getUpdated",
        "setUpdated",
        "getCreated",
        "setCreated"
    ],
    "file_properties": []
}
[2025-05-28 01:49:20] Traitement du fichier {
    "file_class": "ProgressionWebService\\TaskAttachment",
    "file_methods": [
        "__construct",
        "getTypeRef",
        "setTypeRef",
        "getTitle",
        "setTitle",
        "getDescription",
        "setDescription",
        "getName",
        "setName",
        "getContentType",
        "setContentType",
        "getSize",
        "setSize",
        "getData",
        "setData",
        "getMetas",
        "setMetas",
        "getProperties",
        "setProperties",
        "getTags",
        "setTags",
        "getComments",
        "setComments",
        "getCreatorRef",
        "setCreatorRef",
        "getId",
        "setId",
        "getUID",
        "setUID",
        "getExternalId",
        "setExternalId",
        "getRemoved",
        "setRemoved",
        "getUpdated",
        "setUpdated",
        "getCreated",
        "setCreated"
    ],
    "file_properties": []
}
[2025-05-28 01:49:20] Traitement du fichier {
    "file_class": "ProgressionWebService\\TaskAttachment",
    "file_methods": [
        "__construct",
        "getTypeRef",
        "setTypeRef",
        "getTitle",
        "setTitle",
        "getDescription",
        "setDescription",
        "getName",
        "setName",
        "getContentType",
        "setContentType",
        "getSize",
        "setSize",
        "getData",
        "setData",
        "getMetas",
        "setMetas",
        "getProperties",
        "setProperties",
        "getTags",
        "setTags",
        "getComments",
        "setComments",
        "getCreatorRef",
        "setCreatorRef",
        "getId",
        "setId",
        "getUID",
        "setUID",
        "getExternalId",
        "setExternalId",
        "getRemoved",
        "setRemoved",
        "getUpdated",
        "setUpdated",
        "getCreated",
        "setCreated"
    ],
    "file_properties": []
}
[2025-05-28 01:49:20] Traitement du fichier {
    "file_class": "ProgressionWebService\\TaskAttachment",
    "file_methods": [
        "__construct",
        "getTypeRef",
        "setTypeRef",
        "getTitle",
        "setTitle",
        "getDescription",
        "setDescription",
        "getName",
        "setName",
        "getContentType",
        "setContentType",
        "getSize",
        "setSize",
        "getData",
        "setData",
        "getMetas",
        "setMetas",
        "getProperties",
        "setProperties",
        "getTags",
        "setTags",
        "getComments",
        "setComments",
        "getCreatorRef",
        "setCreatorRef",
        "getId",
        "setId",
        "getUID",
        "setUID",
        "getExternalId",
        "setExternalId",
        "getRemoved",
        "setRemoved",
        "getUpdated",
        "setUpdated",
        "getCreated",
        "setCreated"
    ],
    "file_properties": []
}
[2025-05-28 01:49:20] Traitement du fichier {
    "file_class": "ProgressionWebService\\TaskAttachment",
    "file_methods": [
        "__construct",
        "getTypeRef",
        "setTypeRef",
        "getTitle",
        "setTitle",
        "getDescription",
        "setDescription",
        "getName",
        "setName",
        "getContentType",
        "setContentType",
        "getSize",
        "setSize",
        "getData",
        "setData",
        "getMetas",
        "setMetas",
        "getProperties",
        "setProperties",
        "getTags",
        "setTags",
        "getComments",
        "setComments",
        "getCreatorRef",
        "setCreatorRef",
        "getId",
        "setId",
        "getUID",
        "setUID",
        "getExternalId",
        "setExternalId",
        "getRemoved",
        "setRemoved",
        "getUpdated",
        "setUpdated",
        "getCreated",
        "setCreated"
    ],
    "file_properties": []
}
[2025-05-28 01:49:20] Résultat final de la recherche de pièces jointes {
    "count": 7,
    "attachments": [
        {
            "id": 30407,
            "name": "SOU011485.pdf",
            "size": 16367,
            "isTargetFile": false
        },
        {
            "id": 30432,
            "name": "EMPL_EXT.jpg",
            "size": 452549,
            "isTargetFile": false
        },
        {
            "id": 30433,
            "name": "EMPL_INT.jpg",
            "size": 284502,
            "isTargetFile": false
        },
        {
            "id": 30434,
            "name": "ESPACE_INT.jpg",
            "size": 149939,
            "isTargetFile": false
        },
        {
            "id": 30435,
            "name": "EXEMPLE_EXT.png",
            "size": 236941,
            "isTargetFile": false
        },
        {
            "id": 30436,
            "name": "PANNEAU.jpg",
            "size": 330636,
            "isTargetFile": false
        },
        {
            "id": 30440,
            "name": "PLAN.pdf",
            "size": 330364,
            "isTargetFile": false
        }
    ]
}
[2025-05-28 01:49:20] Réponse finale {
    "files_count": 7
}
[2025-05-28 01:49:22] Utilisation des données réelles de ProgressionLive []
[2025-05-28 01:49:22] Démarrage de la requête pour l'installation {
    "ins": "INS011658"
}
[2025-05-28 01:49:22] Configuration chargée []
[2025-05-28 01:49:22] URLs du service {
    "baseUrl": "https:\/\/garychartrand.progressionlive.com",
    "serviceUrl": "https:\/\/garychartrand.progressionlive.com\/server\/ws\/v2\/ProgressionWebService"
}
[2025-05-28 01:49:22] Création du service SOAP []
[2025-05-28 01:49:22] Service SOAP créé []
[2025-05-28 01:49:22] Informations d'identification créées {
    "username": "pierre@garychartrand.com"
}
[2025-05-28 01:49:22] Tentative de connexion []
[2025-05-28 01:49:22] Connexion réussie []
[2025-05-28 01:49:22] Recherche de la tâche {
    "installation": "INS011658"
}
[2025-05-28 01:49:22] Envoi de la requête SearchRecords []
[2025-05-28 01:49:22] Réponse de SearchRecords reçue []
[2025-05-28 01:49:22] Tâche trouvée {
    "task_id": 11658
}
[2025-05-28 01:49:22] Recherche des pièces jointes []
[2025-05-28 01:49:22] Envoi de la requête pour les pièces jointes {
    "task_id": 11658,
    "request": {
        "parentId": 11658,
        "recordType": "TASK_ATTACHMENT",
        "query": "parent.id = :parentId"
    }
}
[2025-05-28 01:49:23] Réponse reçue pour les pièces jointes {
    "has_records": true,
    "response_type": "object"
}
[2025-05-28 01:49:23] Structure de la réponse {
    "methods": [
        "__construct",
        "getRecords",
        "setRecords"
    ],
    "properties": []
}
[2025-05-28 01:49:23] Analyse de la réponse pour les pièces jointes {
    "reponse_null": false,
    "has_getRecords_method": true,
    "response_class": "ProgressionWebService\\SearchRecordsResponse"
}
[2025-05-28 01:49:23] Records obtenus {
    "records_null": false
}
[2025-05-28 01:49:23] Pièces jointes trouvées via getRecord() {
    "count": 7
}
[2025-05-28 01:49:23] Traitement du fichier {
    "file_class": "ProgressionWebService\\TaskAttachment",
    "file_methods": [
        "__construct",
        "getTypeRef",
        "setTypeRef",
        "getTitle",
        "setTitle",
        "getDescription",
        "setDescription",
        "getName",
        "setName",
        "getContentType",
        "setContentType",
        "getSize",
        "setSize",
        "getData",
        "setData",
        "getMetas",
        "setMetas",
        "getProperties",
        "setProperties",
        "getTags",
        "setTags",
        "getComments",
        "setComments",
        "getCreatorRef",
        "setCreatorRef",
        "getId",
        "setId",
        "getUID",
        "setUID",
        "getExternalId",
        "setExternalId",
        "getRemoved",
        "setRemoved",
        "getUpdated",
        "setUpdated",
        "getCreated",
        "setCreated"
    ],
    "file_properties": []
}
[2025-05-28 01:49:23] Traitement du fichier {
    "file_class": "ProgressionWebService\\TaskAttachment",
    "file_methods": [
        "__construct",
        "getTypeRef",
        "setTypeRef",
        "getTitle",
        "setTitle",
        "getDescription",
        "setDescription",
        "getName",
        "setName",
        "getContentType",
        "setContentType",
        "getSize",
        "setSize",
        "getData",
        "setData",
        "getMetas",
        "setMetas",
        "getProperties",
        "setProperties",
        "getTags",
        "setTags",
        "getComments",
        "setComments",
        "getCreatorRef",
        "setCreatorRef",
        "getId",
        "setId",
        "getUID",
        "setUID",
        "getExternalId",
        "setExternalId",
        "getRemoved",
        "setRemoved",
        "getUpdated",
        "setUpdated",
        "getCreated",
        "setCreated"
    ],
    "file_properties": []
}
[2025-05-28 01:49:23] Traitement du fichier {
    "file_class": "ProgressionWebService\\TaskAttachment",
    "file_methods": [
        "__construct",
        "getTypeRef",
        "setTypeRef",
        "getTitle",
        "setTitle",
        "getDescription",
        "setDescription",
        "getName",
        "setName",
        "getContentType",
        "setContentType",
        "getSize",
        "setSize",
        "getData",
        "setData",
        "getMetas",
        "setMetas",
        "getProperties",
        "setProperties",
        "getTags",
        "setTags",
        "getComments",
        "setComments",
        "getCreatorRef",
        "setCreatorRef",
        "getId",
        "setId",
        "getUID",
        "setUID",
        "getExternalId",
        "setExternalId",
        "getRemoved",
        "setRemoved",
        "getUpdated",
        "setUpdated",
        "getCreated",
        "setCreated"
    ],
    "file_properties": []
}
[2025-05-28 01:49:23] Traitement du fichier {
    "file_class": "ProgressionWebService\\TaskAttachment",
    "file_methods": [
        "__construct",
        "getTypeRef",
        "setTypeRef",
        "getTitle",
        "setTitle",
        "getDescription",
        "setDescription",
        "getName",
        "setName",
        "getContentType",
        "setContentType",
        "getSize",
        "setSize",
        "getData",
        "setData",
        "getMetas",
        "setMetas",
        "getProperties",
        "setProperties",
        "getTags",
        "setTags",
        "getComments",
        "setComments",
        "getCreatorRef",
        "setCreatorRef",
        "getId",
        "setId",
        "getUID",
        "setUID",
        "getExternalId",
        "setExternalId",
        "getRemoved",
        "setRemoved",
        "getUpdated",
        "setUpdated",
        "getCreated",
        "setCreated"
    ],
    "file_properties": []
}
[2025-05-28 01:49:23] Traitement du fichier {
    "file_class": "ProgressionWebService\\TaskAttachment",
    "file_methods": [
        "__construct",
        "getTypeRef",
        "setTypeRef",
        "getTitle",
        "setTitle",
        "getDescription",
        "setDescription",
        "getName",
        "setName",
        "getContentType",
        "setContentType",
        "getSize",
        "setSize",
        "getData",
        "setData",
        "getMetas",
        "setMetas",
        "getProperties",
        "setProperties",
        "getTags",
        "setTags",
        "getComments",
        "setComments",
        "getCreatorRef",
        "setCreatorRef",
        "getId",
        "setId",
        "getUID",
        "setUID",
        "getExternalId",
        "setExternalId",
        "getRemoved",
        "setRemoved",
        "getUpdated",
        "setUpdated",
        "getCreated",
        "setCreated"
    ],
    "file_properties": []
}
[2025-05-28 01:49:23] Traitement du fichier {
    "file_class": "ProgressionWebService\\TaskAttachment",
    "file_methods": [
        "__construct",
        "getTypeRef",
        "setTypeRef",
        "getTitle",
        "setTitle",
        "getDescription",
        "setDescription",
        "getName",
        "setName",
        "getContentType",
        "setContentType",
        "getSize",
        "setSize",
        "getData",
        "setData",
        "getMetas",
        "setMetas",
        "getProperties",
        "setProperties",
        "getTags",
        "setTags",
        "getComments",
        "setComments",
        "getCreatorRef",
        "setCreatorRef",
        "getId",
        "setId",
        "getUID",
        "setUID",
        "getExternalId",
        "setExternalId",
        "getRemoved",
        "setRemoved",
        "getUpdated",
        "setUpdated",
        "getCreated",
        "setCreated"
    ],
    "file_properties": []
}
[2025-05-28 01:49:23] Traitement du fichier {
    "file_class": "ProgressionWebService\\TaskAttachment",
    "file_methods": [
        "__construct",
        "getTypeRef",
        "setTypeRef",
        "getTitle",
        "setTitle",
        "getDescription",
        "setDescription",
        "getName",
        "setName",
        "getContentType",
        "setContentType",
        "getSize",
        "setSize",
        "getData",
        "setData",
        "getMetas",
        "setMetas",
        "getProperties",
        "setProperties",
        "getTags",
        "setTags",
        "getComments",
        "setComments",
        "getCreatorRef",
        "setCreatorRef",
        "getId",
        "setId",
        "getUID",
        "setUID",
        "getExternalId",
        "setExternalId",
        "getRemoved",
        "setRemoved",
        "getUpdated",
        "setUpdated",
        "getCreated",
        "setCreated"
    ],
    "file_properties": []
}
[2025-05-28 01:49:23] Résultat final de la recherche de pièces jointes {
    "count": 7,
    "attachments": [
        {
            "id": 30407,
            "name": "SOU011485.pdf",
            "size": 16367,
            "isTargetFile": false
        },
        {
            "id": 30432,
            "name": "EMPL_EXT.jpg",
            "size": 452549,
            "isTargetFile": false
        },
        {
            "id": 30433,
            "name": "EMPL_INT.jpg",
            "size": 284502,
            "isTargetFile": false
        },
        {
            "id": 30434,
            "name": "ESPACE_INT.jpg",
            "size": 149939,
            "isTargetFile": false
        },
        {
            "id": 30435,
            "name": "EXEMPLE_EXT.png",
            "size": 236941,
            "isTargetFile": false
        },
        {
            "id": 30436,
            "name": "PANNEAU.jpg",
            "size": 330636,
            "isTargetFile": false
        },
        {
            "id": 30440,
            "name": "PLAN.pdf",
            "size": 330364,
            "isTargetFile": false
        }
    ]
}
[2025-05-28 01:49:23] Réponse finale {
    "files_count": 7
}
[2025-05-28 01:49:26] Utilisation des données réelles de ProgressionLive []
[2025-05-28 01:49:26] Démarrage de la requête pour l'installation {
    "ins": "INS011658"
}
[2025-05-28 01:49:26] Configuration chargée []
[2025-05-28 01:49:26] URLs du service {
    "baseUrl": "https:\/\/garychartrand.progressionlive.com",
    "serviceUrl": "https:\/\/garychartrand.progressionlive.com\/server\/ws\/v2\/ProgressionWebService"
}
[2025-05-28 01:49:26] Création du service SOAP []
[2025-05-28 01:49:27] Service SOAP créé []
[2025-05-28 01:49:27] Informations d'identification créées {
    "username": "pierre@garychartrand.com"
}
[2025-05-28 01:49:27] Tentative de connexion []
[2025-05-28 01:49:27] Connexion réussie []
[2025-05-28 01:49:27] Recherche de la tâche {
    "installation": "INS011658"
}
[2025-05-28 01:49:27] Envoi de la requête SearchRecords []
[2025-05-28 01:49:27] Réponse de SearchRecords reçue []
[2025-05-28 01:49:27] Tâche trouvée {
    "task_id": 11658
}
[2025-05-28 01:49:27] Recherche des pièces jointes []
[2025-05-28 01:49:27] Envoi de la requête pour les pièces jointes {
    "task_id": 11658,
    "request": {
        "parentId": 11658,
        "recordType": "TASK_ATTACHMENT",
        "query": "parent.id = :parentId"
    }
}
[2025-05-28 01:49:28] Réponse reçue pour les pièces jointes {
    "has_records": true,
    "response_type": "object"
}
[2025-05-28 01:49:28] Structure de la réponse {
    "methods": [
        "__construct",
        "getRecords",
        "setRecords"
    ],
    "properties": []
}
[2025-05-28 01:49:28] Analyse de la réponse pour les pièces jointes {
    "reponse_null": false,
    "has_getRecords_method": true,
    "response_class": "ProgressionWebService\\SearchRecordsResponse"
}
[2025-05-28 01:49:28] Records obtenus {
    "records_null": false
}
[2025-05-28 01:49:28] Pièces jointes trouvées via getRecord() {
    "count": 7
}
[2025-05-28 01:49:28] Traitement du fichier {
    "file_class": "ProgressionWebService\\TaskAttachment",
    "file_methods": [
        "__construct",
        "getTypeRef",
        "setTypeRef",
        "getTitle",
        "setTitle",
        "getDescription",
        "setDescription",
        "getName",
        "setName",
        "getContentType",
        "setContentType",
        "getSize",
        "setSize",
        "getData",
        "setData",
        "getMetas",
        "setMetas",
        "getProperties",
        "setProperties",
        "getTags",
        "setTags",
        "getComments",
        "setComments",
        "getCreatorRef",
        "setCreatorRef",
        "getId",
        "setId",
        "getUID",
        "setUID",
        "getExternalId",
        "setExternalId",
        "getRemoved",
        "setRemoved",
        "getUpdated",
        "setUpdated",
        "getCreated",
        "setCreated"
    ],
    "file_properties": []
}
[2025-05-28 01:49:28] Traitement du fichier {
    "file_class": "ProgressionWebService\\TaskAttachment",
    "file_methods": [
        "__construct",
        "getTypeRef",
        "setTypeRef",
        "getTitle",
        "setTitle",
        "getDescription",
        "setDescription",
        "getName",
        "setName",
        "getContentType",
        "setContentType",
        "getSize",
        "setSize",
        "getData",
        "setData",
        "getMetas",
        "setMetas",
        "getProperties",
        "setProperties",
        "getTags",
        "setTags",
        "getComments",
        "setComments",
        "getCreatorRef",
        "setCreatorRef",
        "getId",
        "setId",
        "getUID",
        "setUID",
        "getExternalId",
        "setExternalId",
        "getRemoved",
        "setRemoved",
        "getUpdated",
        "setUpdated",
        "getCreated",
        "setCreated"
    ],
    "file_properties": []
}
[2025-05-28 01:49:28] Traitement du fichier {
    "file_class": "ProgressionWebService\\TaskAttachment",
    "file_methods": [
        "__construct",
        "getTypeRef",
        "setTypeRef",
        "getTitle",
        "setTitle",
        "getDescription",
        "setDescription",
        "getName",
        "setName",
        "getContentType",
        "setContentType",
        "getSize",
        "setSize",
        "getData",
        "setData",
        "getMetas",
        "setMetas",
        "getProperties",
        "setProperties",
        "getTags",
        "setTags",
        "getComments",
        "setComments",
        "getCreatorRef",
        "setCreatorRef",
        "getId",
        "setId",
        "getUID",
        "setUID",
        "getExternalId",
        "setExternalId",
        "getRemoved",
        "setRemoved",
        "getUpdated",
        "setUpdated",
        "getCreated",
        "setCreated"
    ],
    "file_properties": []
}
[2025-05-28 01:49:28] Traitement du fichier {
    "file_class": "ProgressionWebService\\TaskAttachment",
    "file_methods": [
        "__construct",
        "getTypeRef",
        "setTypeRef",
        "getTitle",
        "setTitle",
        "getDescription",
        "setDescription",
        "getName",
        "setName",
        "getContentType",
        "setContentType",
        "getSize",
        "setSize",
        "getData",
        "setData",
        "getMetas",
        "setMetas",
        "getProperties",
        "setProperties",
        "getTags",
        "setTags",
        "getComments",
        "setComments",
        "getCreatorRef",
        "setCreatorRef",
        "getId",
        "setId",
        "getUID",
        "setUID",
        "getExternalId",
        "setExternalId",
        "getRemoved",
        "setRemoved",
        "getUpdated",
        "setUpdated",
        "getCreated",
        "setCreated"
    ],
    "file_properties": []
}
[2025-05-28 01:49:28] Traitement du fichier {
    "file_class": "ProgressionWebService\\TaskAttachment",
    "file_methods": [
        "__construct",
        "getTypeRef",
        "setTypeRef",
        "getTitle",
        "setTitle",
        "getDescription",
        "setDescription",
        "getName",
        "setName",
        "getContentType",
        "setContentType",
        "getSize",
        "setSize",
        "getData",
        "setData",
        "getMetas",
        "setMetas",
        "getProperties",
        "setProperties",
        "getTags",
        "setTags",
        "getComments",
        "setComments",
        "getCreatorRef",
        "setCreatorRef",
        "getId",
        "setId",
        "getUID",
        "setUID",
        "getExternalId",
        "setExternalId",
        "getRemoved",
        "setRemoved",
        "getUpdated",
        "setUpdated",
        "getCreated",
        "setCreated"
    ],
    "file_properties": []
}
[2025-05-28 01:49:28] Traitement du fichier {
    "file_class": "ProgressionWebService\\TaskAttachment",
    "file_methods": [
        "__construct",
        "getTypeRef",
        "setTypeRef",
        "getTitle",
        "setTitle",
        "getDescription",
        "setDescription",
        "getName",
        "setName",
        "getContentType",
        "setContentType",
        "getSize",
        "setSize",
        "getData",
        "setData",
        "getMetas",
        "setMetas",
        "getProperties",
        "setProperties",
        "getTags",
        "setTags",
        "getComments",
        "setComments",
        "getCreatorRef",
        "setCreatorRef",
        "getId",
        "setId",
        "getUID",
        "setUID",
        "getExternalId",
        "setExternalId",
        "getRemoved",
        "setRemoved",
        "getUpdated",
        "setUpdated",
        "getCreated",
        "setCreated"
    ],
    "file_properties": []
}
[2025-05-28 01:49:28] Traitement du fichier {
    "file_class": "ProgressionWebService\\TaskAttachment",
    "file_methods": [
        "__construct",
        "getTypeRef",
        "setTypeRef",
        "getTitle",
        "setTitle",
        "getDescription",
        "setDescription",
        "getName",
        "setName",
        "getContentType",
        "setContentType",
        "getSize",
        "setSize",
        "getData",
        "setData",
        "getMetas",
        "setMetas",
        "getProperties",
        "setProperties",
        "getTags",
        "setTags",
        "getComments",
        "setComments",
        "getCreatorRef",
        "setCreatorRef",
        "getId",
        "setId",
        "getUID",
        "setUID",
        "getExternalId",
        "setExternalId",
        "getRemoved",
        "setRemoved",
        "getUpdated",
        "setUpdated",
        "getCreated",
        "setCreated"
    ],
    "file_properties": []
}
[2025-05-28 01:49:28] Résultat final de la recherche de pièces jointes {
    "count": 7,
    "attachments": [
        {
            "id": 30407,
            "name": "SOU011485.pdf",
            "size": 16367,
            "isTargetFile": false
        },
        {
            "id": 30432,
            "name": "EMPL_EXT.jpg",
            "size": 452549,
            "isTargetFile": false
        },
        {
            "id": 30433,
            "name": "EMPL_INT.jpg",
            "size": 284502,
            "isTargetFile": false
        },
        {
            "id": 30434,
            "name": "ESPACE_INT.jpg",
            "size": 149939,
            "isTargetFile": false
        },
        {
            "id": 30435,
            "name": "EXEMPLE_EXT.png",
            "size": 236941,
            "isTargetFile": false
        },
        {
            "id": 30436,
            "name": "PANNEAU.jpg",
            "size": 330636,
            "isTargetFile": false
        },
        {
            "id": 30440,
            "name": "PLAN.pdf",
            "size": 330364,
            "isTargetFile": false
        }
    ]
}
[2025-05-28 01:49:28] Réponse finale {
    "files_count": 7
}
[2025-05-28 01:50:44] Utilisation des données réelles de ProgressionLive []
[2025-05-28 01:50:44] Démarrage de la requête pour l'installation {
    "ins": "INS011658"
}
[2025-05-28 01:50:44] Configuration chargée []
[2025-05-28 01:50:44] URLs du service {
    "baseUrl": "https:\/\/garychartrand.progressionlive.com",
    "serviceUrl": "https:\/\/garychartrand.progressionlive.com\/server\/ws\/v2\/ProgressionWebService"
}
[2025-05-28 01:50:44] Création du service SOAP []
[2025-05-28 01:50:44] Service SOAP créé []
[2025-05-28 01:50:44] Informations d'identification créées {
    "username": "pierre@garychartrand.com"
}
[2025-05-28 01:50:44] Tentative de connexion []
[2025-05-28 01:50:44] Connexion réussie []
[2025-05-28 01:50:44] Recherche de la tâche {
    "installation": "INS011658"
}
[2025-05-28 01:50:44] Envoi de la requête SearchRecords []
[2025-05-28 01:50:45] Réponse de SearchRecords reçue []
[2025-05-28 01:50:45] Tâche trouvée {
    "task_id": 11658
}
[2025-05-28 01:50:45] Recherche des pièces jointes []
[2025-05-28 01:50:45] Envoi de la requête pour les pièces jointes {
    "task_id": 11658,
    "request": {
        "parentId": 11658,
        "recordType": "TASK_ATTACHMENT",
        "query": "parent.id = :parentId"
    }
}
[2025-05-28 01:50:46] Réponse reçue pour les pièces jointes {
    "has_records": true,
    "response_type": "object"
}
[2025-05-28 01:50:46] Structure de la réponse {
    "methods": [
        "__construct",
        "getRecords",
        "setRecords"
    ],
    "properties": []
}
[2025-05-28 01:50:46] Analyse de la réponse pour les pièces jointes {
    "reponse_null": false,
    "has_getRecords_method": true,
    "response_class": "ProgressionWebService\\SearchRecordsResponse"
}
[2025-05-28 01:50:46] Records obtenus {
    "records_null": false
}
[2025-05-28 01:50:46] Pièces jointes trouvées via getRecord() {
    "count": 7
}
[2025-05-28 01:50:46] Traitement du fichier {
    "file_class": "ProgressionWebService\\TaskAttachment",
    "file_methods": [
        "__construct",
        "getTypeRef",
        "setTypeRef",
        "getTitle",
        "setTitle",
        "getDescription",
        "setDescription",
        "getName",
        "setName",
        "getContentType",
        "setContentType",
        "getSize",
        "setSize",
        "getData",
        "setData",
        "getMetas",
        "setMetas",
        "getProperties",
        "setProperties",
        "getTags",
        "setTags",
        "getComments",
        "setComments",
        "getCreatorRef",
        "setCreatorRef",
        "getId",
        "setId",
        "getUID",
        "setUID",
        "getExternalId",
        "setExternalId",
        "getRemoved",
        "setRemoved",
        "getUpdated",
        "setUpdated",
        "getCreated",
        "setCreated"
    ],
    "file_properties": []
}
[2025-05-28 01:50:46] Traitement du fichier {
    "file_class": "ProgressionWebService\\TaskAttachment",
    "file_methods": [
        "__construct",
        "getTypeRef",
        "setTypeRef",
        "getTitle",
        "setTitle",
        "getDescription",
        "setDescription",
        "getName",
        "setName",
        "getContentType",
        "setContentType",
        "getSize",
        "setSize",
        "getData",
        "setData",
        "getMetas",
        "setMetas",
        "getProperties",
        "setProperties",
        "getTags",
        "setTags",
        "getComments",
        "setComments",
        "getCreatorRef",
        "setCreatorRef",
        "getId",
        "setId",
        "getUID",
        "setUID",
        "getExternalId",
        "setExternalId",
        "getRemoved",
        "setRemoved",
        "getUpdated",
        "setUpdated",
        "getCreated",
        "setCreated"
    ],
    "file_properties": []
}
[2025-05-28 01:50:46] Traitement du fichier {
    "file_class": "ProgressionWebService\\TaskAttachment",
    "file_methods": [
        "__construct",
        "getTypeRef",
        "setTypeRef",
        "getTitle",
        "setTitle",
        "getDescription",
        "setDescription",
        "getName",
        "setName",
        "getContentType",
        "setContentType",
        "getSize",
        "setSize",
        "getData",
        "setData",
        "getMetas",
        "setMetas",
        "getProperties",
        "setProperties",
        "getTags",
        "setTags",
        "getComments",
        "setComments",
        "getCreatorRef",
        "setCreatorRef",
        "getId",
        "setId",
        "getUID",
        "setUID",
        "getExternalId",
        "setExternalId",
        "getRemoved",
        "setRemoved",
        "getUpdated",
        "setUpdated",
        "getCreated",
        "setCreated"
    ],
    "file_properties": []
}
[2025-05-28 01:50:46] Traitement du fichier {
    "file_class": "ProgressionWebService\\TaskAttachment",
    "file_methods": [
        "__construct",
        "getTypeRef",
        "setTypeRef",
        "getTitle",
        "setTitle",
        "getDescription",
        "setDescription",
        "getName",
        "setName",
        "getContentType",
        "setContentType",
        "getSize",
        "setSize",
        "getData",
        "setData",
        "getMetas",
        "setMetas",
        "getProperties",
        "setProperties",
        "getTags",
        "setTags",
        "getComments",
        "setComments",
        "getCreatorRef",
        "setCreatorRef",
        "getId",
        "setId",
        "getUID",
        "setUID",
        "getExternalId",
        "setExternalId",
        "getRemoved",
        "setRemoved",
        "getUpdated",
        "setUpdated",
        "getCreated",
        "setCreated"
    ],
    "file_properties": []
}
[2025-05-28 01:50:46] Traitement du fichier {
    "file_class": "ProgressionWebService\\TaskAttachment",
    "file_methods": [
        "__construct",
        "getTypeRef",
        "setTypeRef",
        "getTitle",
        "setTitle",
        "getDescription",
        "setDescription",
        "getName",
        "setName",
        "getContentType",
        "setContentType",
        "getSize",
        "setSize",
        "getData",
        "setData",
        "getMetas",
        "setMetas",
        "getProperties",
        "setProperties",
        "getTags",
        "setTags",
        "getComments",
        "setComments",
        "getCreatorRef",
        "setCreatorRef",
        "getId",
        "setId",
        "getUID",
        "setUID",
        "getExternalId",
        "setExternalId",
        "getRemoved",
        "setRemoved",
        "getUpdated",
        "setUpdated",
        "getCreated",
        "setCreated"
    ],
    "file_properties": []
}
[2025-05-28 01:50:46] Traitement du fichier {
    "file_class": "ProgressionWebService\\TaskAttachment",
    "file_methods": [
        "__construct",
        "getTypeRef",
        "setTypeRef",
        "getTitle",
        "setTitle",
        "getDescription",
        "setDescription",
        "getName",
        "setName",
        "getContentType",
        "setContentType",
        "getSize",
        "setSize",
        "getData",
        "setData",
        "getMetas",
        "setMetas",
        "getProperties",
        "setProperties",
        "getTags",
        "setTags",
        "getComments",
        "setComments",
        "getCreatorRef",
        "setCreatorRef",
        "getId",
        "setId",
        "getUID",
        "setUID",
        "getExternalId",
        "setExternalId",
        "getRemoved",
        "setRemoved",
        "getUpdated",
        "setUpdated",
        "getCreated",
        "setCreated"
    ],
    "file_properties": []
}
[2025-05-28 01:50:46] Traitement du fichier {
    "file_class": "ProgressionWebService\\TaskAttachment",
    "file_methods": [
        "__construct",
        "getTypeRef",
        "setTypeRef",
        "getTitle",
        "setTitle",
        "getDescription",
        "setDescription",
        "getName",
        "setName",
        "getContentType",
        "setContentType",
        "getSize",
        "setSize",
        "getData",
        "setData",
        "getMetas",
        "setMetas",
        "getProperties",
        "setProperties",
        "getTags",
        "setTags",
        "getComments",
        "setComments",
        "getCreatorRef",
        "setCreatorRef",
        "getId",
        "setId",
        "getUID",
        "setUID",
        "getExternalId",
        "setExternalId",
        "getRemoved",
        "setRemoved",
        "getUpdated",
        "setUpdated",
        "getCreated",
        "setCreated"
    ],
    "file_properties": []
}
[2025-05-28 01:50:46] Résultat final de la recherche de pièces jointes {
    "count": 7,
    "attachments": [
        {
            "id": 30407,
            "name": "SOU011485.pdf",
            "size": 16367,
            "isTargetFile": false
        },
        {
            "id": 30432,
            "name": "EMPL_EXT.jpg",
            "size": 452549,
            "isTargetFile": false
        },
        {
            "id": 30433,
            "name": "EMPL_INT.jpg",
            "size": 284502,
            "isTargetFile": false
        },
        {
            "id": 30434,
            "name": "ESPACE_INT.jpg",
            "size": 149939,
            "isTargetFile": false
        },
        {
            "id": 30435,
            "name": "EXEMPLE_EXT.png",
            "size": 236941,
            "isTargetFile": false
        },
        {
            "id": 30436,
            "name": "PANNEAU.jpg",
            "size": 330636,
            "isTargetFile": false
        },
        {
            "id": 30440,
            "name": "PLAN.pdf",
            "size": 330364,
            "isTargetFile": false
        }
    ]
}
[2025-05-28 01:50:46] Réponse finale {
    "files_count": 7
}
[2025-05-28 01:51:06] Utilisation des données réelles de ProgressionLive []
[2025-05-28 01:51:06] Démarrage de la requête pour l'installation {
    "ins": "INS011658"
}
[2025-05-28 01:51:06] Configuration chargée []
[2025-05-28 01:51:06] URLs du service {
    "baseUrl": "https:\/\/garychartrand.progressionlive.com",
    "serviceUrl": "https:\/\/garychartrand.progressionlive.com\/server\/ws\/v2\/ProgressionWebService"
}
[2025-05-28 01:51:06] Création du service SOAP []
[2025-05-28 01:51:06] Service SOAP créé []
[2025-05-28 01:51:06] Informations d'identification créées {
    "username": "pierre@garychartrand.com"
}
[2025-05-28 01:51:06] Tentative de connexion []
[2025-05-28 01:51:06] Connexion réussie []
[2025-05-28 01:51:06] Recherche de la tâche {
    "installation": "INS011658"
}
[2025-05-28 01:51:06] Envoi de la requête SearchRecords []
[2025-05-28 01:51:06] Réponse de SearchRecords reçue []
[2025-05-28 01:51:06] Tâche trouvée {
    "task_id": 11658
}
[2025-05-28 01:51:06] Recherche des pièces jointes []
[2025-05-28 01:51:06] Envoi de la requête pour les pièces jointes {
    "task_id": 11658,
    "request": {
        "parentId": 11658,
        "recordType": "TASK_ATTACHMENT",
        "query": "parent.id = :parentId"
    }
}
[2025-05-28 01:51:07] Réponse reçue pour les pièces jointes {
    "has_records": true,
    "response_type": "object"
}
[2025-05-28 01:51:07] Structure de la réponse {
    "methods": [
        "__construct",
        "getRecords",
        "setRecords"
    ],
    "properties": []
}
[2025-05-28 01:51:07] Analyse de la réponse pour les pièces jointes {
    "reponse_null": false,
    "has_getRecords_method": true,
    "response_class": "ProgressionWebService\\SearchRecordsResponse"
}
[2025-05-28 01:51:07] Records obtenus {
    "records_null": false
}
[2025-05-28 01:51:07] Pièces jointes trouvées via getRecord() {
    "count": 7
}
[2025-05-28 01:51:07] Traitement du fichier {
    "file_class": "ProgressionWebService\\TaskAttachment",
    "file_methods": [
        "__construct",
        "getTypeRef",
        "setTypeRef",
        "getTitle",
        "setTitle",
        "getDescription",
        "setDescription",
        "getName",
        "setName",
        "getContentType",
        "setContentType",
        "getSize",
        "setSize",
        "getData",
        "setData",
        "getMetas",
        "setMetas",
        "getProperties",
        "setProperties",
        "getTags",
        "setTags",
        "getComments",
        "setComments",
        "getCreatorRef",
        "setCreatorRef",
        "getId",
        "setId",
        "getUID",
        "setUID",
        "getExternalId",
        "setExternalId",
        "getRemoved",
        "setRemoved",
        "getUpdated",
        "setUpdated",
        "getCreated",
        "setCreated"
    ],
    "file_properties": []
}
[2025-05-28 01:51:07] Traitement du fichier {
    "file_class": "ProgressionWebService\\TaskAttachment",
    "file_methods": [
        "__construct",
        "getTypeRef",
        "setTypeRef",
        "getTitle",
        "setTitle",
        "getDescription",
        "setDescription",
        "getName",
        "setName",
        "getContentType",
        "setContentType",
        "getSize",
        "setSize",
        "getData",
        "setData",
        "getMetas",
        "setMetas",
        "getProperties",
        "setProperties",
        "getTags",
        "setTags",
        "getComments",
        "setComments",
        "getCreatorRef",
        "setCreatorRef",
        "getId",
        "setId",
        "getUID",
        "setUID",
        "getExternalId",
        "setExternalId",
        "getRemoved",
        "setRemoved",
        "getUpdated",
        "setUpdated",
        "getCreated",
        "setCreated"
    ],
    "file_properties": []
}
[2025-05-28 01:51:07] Traitement du fichier {
    "file_class": "ProgressionWebService\\TaskAttachment",
    "file_methods": [
        "__construct",
        "getTypeRef",
        "setTypeRef",
        "getTitle",
        "setTitle",
        "getDescription",
        "setDescription",
        "getName",
        "setName",
        "getContentType",
        "setContentType",
        "getSize",
        "setSize",
        "getData",
        "setData",
        "getMetas",
        "setMetas",
        "getProperties",
        "setProperties",
        "getTags",
        "setTags",
        "getComments",
        "setComments",
        "getCreatorRef",
        "setCreatorRef",
        "getId",
        "setId",
        "getUID",
        "setUID",
        "getExternalId",
        "setExternalId",
        "getRemoved",
        "setRemoved",
        "getUpdated",
        "setUpdated",
        "getCreated",
        "setCreated"
    ],
    "file_properties": []
}
[2025-05-28 01:51:07] Traitement du fichier {
    "file_class": "ProgressionWebService\\TaskAttachment",
    "file_methods": [
        "__construct",
        "getTypeRef",
        "setTypeRef",
        "getTitle",
        "setTitle",
        "getDescription",
        "setDescription",
        "getName",
        "setName",
        "getContentType",
        "setContentType",
        "getSize",
        "setSize",
        "getData",
        "setData",
        "getMetas",
        "setMetas",
        "getProperties",
        "setProperties",
        "getTags",
        "setTags",
        "getComments",
        "setComments",
        "getCreatorRef",
        "setCreatorRef",
        "getId",
        "setId",
        "getUID",
        "setUID",
        "getExternalId",
        "setExternalId",
        "getRemoved",
        "setRemoved",
        "getUpdated",
        "setUpdated",
        "getCreated",
        "setCreated"
    ],
    "file_properties": []
}
[2025-05-28 01:51:07] Traitement du fichier {
    "file_class": "ProgressionWebService\\TaskAttachment",
    "file_methods": [
        "__construct",
        "getTypeRef",
        "setTypeRef",
        "getTitle",
        "setTitle",
        "getDescription",
        "setDescription",
        "getName",
        "setName",
        "getContentType",
        "setContentType",
        "getSize",
        "setSize",
        "getData",
        "setData",
        "getMetas",
        "setMetas",
        "getProperties",
        "setProperties",
        "getTags",
        "setTags",
        "getComments",
        "setComments",
        "getCreatorRef",
        "setCreatorRef",
        "getId",
        "setId",
        "getUID",
        "setUID",
        "getExternalId",
        "setExternalId",
        "getRemoved",
        "setRemoved",
        "getUpdated",
        "setUpdated",
        "getCreated",
        "setCreated"
    ],
    "file_properties": []
}
[2025-05-28 01:51:07] Traitement du fichier {
    "file_class": "ProgressionWebService\\TaskAttachment",
    "file_methods": [
        "__construct",
        "getTypeRef",
        "setTypeRef",
        "getTitle",
        "setTitle",
        "getDescription",
        "setDescription",
        "getName",
        "setName",
        "getContentType",
        "setContentType",
        "getSize",
        "setSize",
        "getData",
        "setData",
        "getMetas",
        "setMetas",
        "getProperties",
        "setProperties",
        "getTags",
        "setTags",
        "getComments",
        "setComments",
        "getCreatorRef",
        "setCreatorRef",
        "getId",
        "setId",
        "getUID",
        "setUID",
        "getExternalId",
        "setExternalId",
        "getRemoved",
        "setRemoved",
        "getUpdated",
        "setUpdated",
        "getCreated",
        "setCreated"
    ],
    "file_properties": []
}
[2025-05-28 01:51:07] Traitement du fichier {
    "file_class": "ProgressionWebService\\TaskAttachment",
    "file_methods": [
        "__construct",
        "getTypeRef",
        "setTypeRef",
        "getTitle",
        "setTitle",
        "getDescription",
        "setDescription",
        "getName",
        "setName",
        "getContentType",
        "setContentType",
        "getSize",
        "setSize",
        "getData",
        "setData",
        "getMetas",
        "setMetas",
        "getProperties",
        "setProperties",
        "getTags",
        "setTags",
        "getComments",
        "setComments",
        "getCreatorRef",
        "setCreatorRef",
        "getId",
        "setId",
        "getUID",
        "setUID",
        "getExternalId",
        "setExternalId",
        "getRemoved",
        "setRemoved",
        "getUpdated",
        "setUpdated",
        "getCreated",
        "setCreated"
    ],
    "file_properties": []
}
[2025-05-28 01:51:07] Résultat final de la recherche de pièces jointes {
    "count": 7,
    "attachments": [
        {
            "id": 30407,
            "name": "SOU011485.pdf",
            "size": 16367,
            "isTargetFile": false
        },
        {
            "id": 30432,
            "name": "EMPL_EXT.jpg",
            "size": 452549,
            "isTargetFile": false
        },
        {
            "id": 30433,
            "name": "EMPL_INT.jpg",
            "size": 284502,
            "isTargetFile": false
        },
        {
            "id": 30434,
            "name": "ESPACE_INT.jpg",
            "size": 149939,
            "isTargetFile": false
        },
        {
            "id": 30435,
            "name": "EXEMPLE_EXT.png",
            "size": 236941,
            "isTargetFile": false
        },
        {
            "id": 30436,
            "name": "PANNEAU.jpg",
            "size": 330636,
            "isTargetFile": false
        },
        {
            "id": 30440,
            "name": "PLAN.pdf",
            "size": 330364,
            "isTargetFile": false
        }
    ]
}
[2025-05-28 01:51:07] Réponse finale {
    "files_count": 7
}
[2025-05-28 01:51:37] Utilisation des données réelles de ProgressionLive []
[2025-05-28 01:51:37] Démarrage de la requête pour l'installation {
    "ins": "INS011658"
}
[2025-05-28 01:51:37] Configuration chargée []
[2025-05-28 01:51:37] URLs du service {
    "baseUrl": "https:\/\/garychartrand.progressionlive.com",
    "serviceUrl": "https:\/\/garychartrand.progressionlive.com\/server\/ws\/v2\/ProgressionWebService"
}
[2025-05-28 01:51:37] Création du service SOAP []
[2025-05-28 01:51:37] Service SOAP créé []
[2025-05-28 01:51:37] Informations d'identification créées {
    "username": "pierre@garychartrand.com"
}
[2025-05-28 01:51:37] Tentative de connexion []
[2025-05-28 01:51:37] Connexion réussie []
[2025-05-28 01:51:37] Recherche de la tâche {
    "installation": "INS011658"
}
[2025-05-28 01:51:37] Envoi de la requête SearchRecords []
[2025-05-28 01:51:38] Réponse de SearchRecords reçue []
[2025-05-28 01:51:38] Tâche trouvée {
    "task_id": 11658
}
[2025-05-28 01:51:38] Recherche des pièces jointes []
[2025-05-28 01:51:38] Envoi de la requête pour les pièces jointes {
    "task_id": 11658,
    "request": {
        "parentId": 11658,
        "recordType": "TASK_ATTACHMENT",
        "query": "parent.id = :parentId"
    }
}
[2025-05-28 01:51:38] Réponse reçue pour les pièces jointes {
    "has_records": true,
    "response_type": "object"
}
[2025-05-28 01:51:38] Structure de la réponse {
    "methods": [
        "__construct",
        "getRecords",
        "setRecords"
    ],
    "properties": []
}
[2025-05-28 01:51:38] Analyse de la réponse pour les pièces jointes {
    "reponse_null": false,
    "has_getRecords_method": true,
    "response_class": "ProgressionWebService\\SearchRecordsResponse"
}
[2025-05-28 01:51:38] Records obtenus {
    "records_null": false
}
[2025-05-28 01:51:38] Pièces jointes trouvées via getRecord() {
    "count": 7
}
[2025-05-28 01:51:38] Traitement du fichier {
    "file_class": "ProgressionWebService\\TaskAttachment",
    "file_methods": [
        "__construct",
        "getTypeRef",
        "setTypeRef",
        "getTitle",
        "setTitle",
        "getDescription",
        "setDescription",
        "getName",
        "setName",
        "getContentType",
        "setContentType",
        "getSize",
        "setSize",
        "getData",
        "setData",
        "getMetas",
        "setMetas",
        "getProperties",
        "setProperties",
        "getTags",
        "setTags",
        "getComments",
        "setComments",
        "getCreatorRef",
        "setCreatorRef",
        "getId",
        "setId",
        "getUID",
        "setUID",
        "getExternalId",
        "setExternalId",
        "getRemoved",
        "setRemoved",
        "getUpdated",
        "setUpdated",
        "getCreated",
        "setCreated"
    ],
    "file_properties": []
}
[2025-05-28 01:51:38] Traitement du fichier {
    "file_class": "ProgressionWebService\\TaskAttachment",
    "file_methods": [
        "__construct",
        "getTypeRef",
        "setTypeRef",
        "getTitle",
        "setTitle",
        "getDescription",
        "setDescription",
        "getName",
        "setName",
        "getContentType",
        "setContentType",
        "getSize",
        "setSize",
        "getData",
        "setData",
        "getMetas",
        "setMetas",
        "getProperties",
        "setProperties",
        "getTags",
        "setTags",
        "getComments",
        "setComments",
        "getCreatorRef",
        "setCreatorRef",
        "getId",
        "setId",
        "getUID",
        "setUID",
        "getExternalId",
        "setExternalId",
        "getRemoved",
        "setRemoved",
        "getUpdated",
        "setUpdated",
        "getCreated",
        "setCreated"
    ],
    "file_properties": []
}
[2025-05-28 01:51:38] Traitement du fichier {
    "file_class": "ProgressionWebService\\TaskAttachment",
    "file_methods": [
        "__construct",
        "getTypeRef",
        "setTypeRef",
        "getTitle",
        "setTitle",
        "getDescription",
        "setDescription",
        "getName",
        "setName",
        "getContentType",
        "setContentType",
        "getSize",
        "setSize",
        "getData",
        "setData",
        "getMetas",
        "setMetas",
        "getProperties",
        "setProperties",
        "getTags",
        "setTags",
        "getComments",
        "setComments",
        "getCreatorRef",
        "setCreatorRef",
        "getId",
        "setId",
        "getUID",
        "setUID",
        "getExternalId",
        "setExternalId",
        "getRemoved",
        "setRemoved",
        "getUpdated",
        "setUpdated",
        "getCreated",
        "setCreated"
    ],
    "file_properties": []
}
[2025-05-28 01:51:38] Traitement du fichier {
    "file_class": "ProgressionWebService\\TaskAttachment",
    "file_methods": [
        "__construct",
        "getTypeRef",
        "setTypeRef",
        "getTitle",
        "setTitle",
        "getDescription",
        "setDescription",
        "getName",
        "setName",
        "getContentType",
        "setContentType",
        "getSize",
        "setSize",
        "getData",
        "setData",
        "getMetas",
        "setMetas",
        "getProperties",
        "setProperties",
        "getTags",
        "setTags",
        "getComments",
        "setComments",
        "getCreatorRef",
        "setCreatorRef",
        "getId",
        "setId",
        "getUID",
        "setUID",
        "getExternalId",
        "setExternalId",
        "getRemoved",
        "setRemoved",
        "getUpdated",
        "setUpdated",
        "getCreated",
        "setCreated"
    ],
    "file_properties": []
}
[2025-05-28 01:51:38] Traitement du fichier {
    "file_class": "ProgressionWebService\\TaskAttachment",
    "file_methods": [
        "__construct",
        "getTypeRef",
        "setTypeRef",
        "getTitle",
        "setTitle",
        "getDescription",
        "setDescription",
        "getName",
        "setName",
        "getContentType",
        "setContentType",
        "getSize",
        "setSize",
        "getData",
        "setData",
        "getMetas",
        "setMetas",
        "getProperties",
        "setProperties",
        "getTags",
        "setTags",
        "getComments",
        "setComments",
        "getCreatorRef",
        "setCreatorRef",
        "getId",
        "setId",
        "getUID",
        "setUID",
        "getExternalId",
        "setExternalId",
        "getRemoved",
        "setRemoved",
        "getUpdated",
        "setUpdated",
        "getCreated",
        "setCreated"
    ],
    "file_properties": []
}
[2025-05-28 01:51:38] Traitement du fichier {
    "file_class": "ProgressionWebService\\TaskAttachment",
    "file_methods": [
        "__construct",
        "getTypeRef",
        "setTypeRef",
        "getTitle",
        "setTitle",
        "getDescription",
        "setDescription",
        "getName",
        "setName",
        "getContentType",
        "setContentType",
        "getSize",
        "setSize",
        "getData",
        "setData",
        "getMetas",
        "setMetas",
        "getProperties",
        "setProperties",
        "getTags",
        "setTags",
        "getComments",
        "setComments",
        "getCreatorRef",
        "setCreatorRef",
        "getId",
        "setId",
        "getUID",
        "setUID",
        "getExternalId",
        "setExternalId",
        "getRemoved",
        "setRemoved",
        "getUpdated",
        "setUpdated",
        "getCreated",
        "setCreated"
    ],
    "file_properties": []
}
[2025-05-28 01:51:38] Traitement du fichier {
    "file_class": "ProgressionWebService\\TaskAttachment",
    "file_methods": [
        "__construct",
        "getTypeRef",
        "setTypeRef",
        "getTitle",
        "setTitle",
        "getDescription",
        "setDescription",
        "getName",
        "setName",
        "getContentType",
        "setContentType",
        "getSize",
        "setSize",
        "getData",
        "setData",
        "getMetas",
        "setMetas",
        "getProperties",
        "setProperties",
        "getTags",
        "setTags",
        "getComments",
        "setComments",
        "getCreatorRef",
        "setCreatorRef",
        "getId",
        "setId",
        "getUID",
        "setUID",
        "getExternalId",
        "setExternalId",
        "getRemoved",
        "setRemoved",
        "getUpdated",
        "setUpdated",
        "getCreated",
        "setCreated"
    ],
    "file_properties": []
}
[2025-05-28 01:51:38] Résultat final de la recherche de pièces jointes {
    "count": 7,
    "attachments": [
        {
            "id": 30407,
            "name": "SOU011485.pdf",
            "size": 16367,
            "isTargetFile": false
        },
        {
            "id": 30432,
            "name": "EMPL_EXT.jpg",
            "size": 452549,
            "isTargetFile": false
        },
        {
            "id": 30433,
            "name": "EMPL_INT.jpg",
            "size": 284502,
            "isTargetFile": false
        },
        {
            "id": 30434,
            "name": "ESPACE_INT.jpg",
            "size": 149939,
            "isTargetFile": false
        },
        {
            "id": 30435,
            "name": "EXEMPLE_EXT.png",
            "size": 236941,
            "isTargetFile": false
        },
        {
            "id": 30436,
            "name": "PANNEAU.jpg",
            "size": 330636,
            "isTargetFile": false
        },
        {
            "id": 30440,
            "name": "PLAN.pdf",
            "size": 330364,
            "isTargetFile": false
        }
    ]
}
[2025-05-28 01:51:38] Réponse finale {
    "files_count": 7
}
[2025-05-28 01:53:26] Utilisation des données réelles de ProgressionLive []
[2025-05-28 01:53:26] Démarrage de la requête pour l'installation {
    "ins": "INS011611"
}
[2025-05-28 01:53:26] Configuration chargée []
[2025-05-28 01:53:26] URLs du service {
    "baseUrl": "https:\/\/garychartrand.progressionlive.com",
    "serviceUrl": "https:\/\/garychartrand.progressionlive.com\/server\/ws\/v2\/ProgressionWebService"
}
[2025-05-28 01:53:26] Création du service SOAP []
[2025-05-28 01:53:26] Service SOAP créé []
[2025-05-28 01:53:26] Informations d'identification créées {
    "username": "pierre@garychartrand.com"
}
[2025-05-28 01:53:26] Tentative de connexion []
[2025-05-28 01:53:26] Connexion réussie []
[2025-05-28 01:53:26] Recherche de la tâche {
    "installation": "INS011611"
}
[2025-05-28 01:53:26] Envoi de la requête SearchRecords []
[2025-05-28 01:53:26] Réponse de SearchRecords reçue []
[2025-05-28 01:53:26] Tâche trouvée {
    "task_id": 11611
}
[2025-05-28 01:53:26] Recherche des pièces jointes []
[2025-05-28 01:53:26] Envoi de la requête pour les pièces jointes {
    "task_id": 11611,
    "request": {
        "parentId": 11611,
        "recordType": "TASK_ATTACHMENT",
        "query": "parent.id = :parentId"
    }
}
[2025-05-28 01:53:28] Réponse reçue pour les pièces jointes {
    "has_records": true,
    "response_type": "object"
}
[2025-05-28 01:53:28] Structure de la réponse {
    "methods": [
        "__construct",
        "getRecords",
        "setRecords"
    ],
    "properties": []
}
[2025-05-28 01:53:28] Analyse de la réponse pour les pièces jointes {
    "reponse_null": false,
    "has_getRecords_method": true,
    "response_class": "ProgressionWebService\\SearchRecordsResponse"
}
[2025-05-28 01:53:28] Records obtenus {
    "records_null": false
}
[2025-05-28 01:53:28] Pièces jointes trouvées via getRecord() {
    "count": 16
}
[2025-05-28 01:53:28] Traitement du fichier {
    "file_class": "ProgressionWebService\\TaskAttachment",
    "file_methods": [
        "__construct",
        "getTypeRef",
        "setTypeRef",
        "getTitle",
        "setTitle",
        "getDescription",
        "setDescription",
        "getName",
        "setName",
        "getContentType",
        "setContentType",
        "getSize",
        "setSize",
        "getData",
        "setData",
        "getMetas",
        "setMetas",
        "getProperties",
        "setProperties",
        "getTags",
        "setTags",
        "getComments",
        "setComments",
        "getCreatorRef",
        "setCreatorRef",
        "getId",
        "setId",
        "getUID",
        "setUID",
        "getExternalId",
        "setExternalId",
        "getRemoved",
        "setRemoved",
        "getUpdated",
        "setUpdated",
        "getCreated",
        "setCreated"
    ],
    "file_properties": []
}
[2025-05-28 01:53:28] Traitement du fichier {
    "file_class": "ProgressionWebService\\TaskAttachment",
    "file_methods": [
        "__construct",
        "getTypeRef",
        "setTypeRef",
        "getTitle",
        "setTitle",
        "getDescription",
        "setDescription",
        "getName",
        "setName",
        "getContentType",
        "setContentType",
        "getSize",
        "setSize",
        "getData",
        "setData",
        "getMetas",
        "setMetas",
        "getProperties",
        "setProperties",
        "getTags",
        "setTags",
        "getComments",
        "setComments",
        "getCreatorRef",
        "setCreatorRef",
        "getId",
        "setId",
        "getUID",
        "setUID",
        "getExternalId",
        "setExternalId",
        "getRemoved",
        "setRemoved",
        "getUpdated",
        "setUpdated",
        "getCreated",
        "setCreated"
    ],
    "file_properties": []
}
[2025-05-28 01:53:28] Traitement du fichier {
    "file_class": "ProgressionWebService\\TaskAttachment",
    "file_methods": [
        "__construct",
        "getTypeRef",
        "setTypeRef",
        "getTitle",
        "setTitle",
        "getDescription",
        "setDescription",
        "getName",
        "setName",
        "getContentType",
        "setContentType",
        "getSize",
        "setSize",
        "getData",
        "setData",
        "getMetas",
        "setMetas",
        "getProperties",
        "setProperties",
        "getTags",
        "setTags",
        "getComments",
        "setComments",
        "getCreatorRef",
        "setCreatorRef",
        "getId",
        "setId",
        "getUID",
        "setUID",
        "getExternalId",
        "setExternalId",
        "getRemoved",
        "setRemoved",
        "getUpdated",
        "setUpdated",
        "getCreated",
        "setCreated"
    ],
    "file_properties": []
}
[2025-05-28 01:53:28] Traitement du fichier {
    "file_class": "ProgressionWebService\\TaskAttachment",
    "file_methods": [
        "__construct",
        "getTypeRef",
        "setTypeRef",
        "getTitle",
        "setTitle",
        "getDescription",
        "setDescription",
        "getName",
        "setName",
        "getContentType",
        "setContentType",
        "getSize",
        "setSize",
        "getData",
        "setData",
        "getMetas",
        "setMetas",
        "getProperties",
        "setProperties",
        "getTags",
        "setTags",
        "getComments",
        "setComments",
        "getCreatorRef",
        "setCreatorRef",
        "getId",
        "setId",
        "getUID",
        "setUID",
        "getExternalId",
        "setExternalId",
        "getRemoved",
        "setRemoved",
        "getUpdated",
        "setUpdated",
        "getCreated",
        "setCreated"
    ],
    "file_properties": []
}
[2025-05-28 01:53:28] Traitement du fichier {
    "file_class": "ProgressionWebService\\TaskAttachment",
    "file_methods": [
        "__construct",
        "getTypeRef",
        "setTypeRef",
        "getTitle",
        "setTitle",
        "getDescription",
        "setDescription",
        "getName",
        "setName",
        "getContentType",
        "setContentType",
        "getSize",
        "setSize",
        "getData",
        "setData",
        "getMetas",
        "setMetas",
        "getProperties",
        "setProperties",
        "getTags",
        "setTags",
        "getComments",
        "setComments",
        "getCreatorRef",
        "setCreatorRef",
        "getId",
        "setId",
        "getUID",
        "setUID",
        "getExternalId",
        "setExternalId",
        "getRemoved",
        "setRemoved",
        "getUpdated",
        "setUpdated",
        "getCreated",
        "setCreated"
    ],
    "file_properties": []
}
[2025-05-28 01:53:28] Traitement du fichier {
    "file_class": "ProgressionWebService\\TaskAttachment",
    "file_methods": [
        "__construct",
        "getTypeRef",
        "setTypeRef",
        "getTitle",
        "setTitle",
        "getDescription",
        "setDescription",
        "getName",
        "setName",
        "getContentType",
        "setContentType",
        "getSize",
        "setSize",
        "getData",
        "setData",
        "getMetas",
        "setMetas",
        "getProperties",
        "setProperties",
        "getTags",
        "setTags",
        "getComments",
        "setComments",
        "getCreatorRef",
        "setCreatorRef",
        "getId",
        "setId",
        "getUID",
        "setUID",
        "getExternalId",
        "setExternalId",
        "getRemoved",
        "setRemoved",
        "getUpdated",
        "setUpdated",
        "getCreated",
        "setCreated"
    ],
    "file_properties": []
}
[2025-05-28 01:53:28] Traitement du fichier {
    "file_class": "ProgressionWebService\\TaskAttachment",
    "file_methods": [
        "__construct",
        "getTypeRef",
        "setTypeRef",
        "getTitle",
        "setTitle",
        "getDescription",
        "setDescription",
        "getName",
        "setName",
        "getContentType",
        "setContentType",
        "getSize",
        "setSize",
        "getData",
        "setData",
        "getMetas",
        "setMetas",
        "getProperties",
        "setProperties",
        "getTags",
        "setTags",
        "getComments",
        "setComments",
        "getCreatorRef",
        "setCreatorRef",
        "getId",
        "setId",
        "getUID",
        "setUID",
        "getExternalId",
        "setExternalId",
        "getRemoved",
        "setRemoved",
        "getUpdated",
        "setUpdated",
        "getCreated",
        "setCreated"
    ],
    "file_properties": []
}
[2025-05-28 01:53:28] Traitement du fichier {
    "file_class": "ProgressionWebService\\TaskAttachment",
    "file_methods": [
        "__construct",
        "getTypeRef",
        "setTypeRef",
        "getTitle",
        "setTitle",
        "getDescription",
        "setDescription",
        "getName",
        "setName",
        "getContentType",
        "setContentType",
        "getSize",
        "setSize",
        "getData",
        "setData",
        "getMetas",
        "setMetas",
        "getProperties",
        "setProperties",
        "getTags",
        "setTags",
        "getComments",
        "setComments",
        "getCreatorRef",
        "setCreatorRef",
        "getId",
        "setId",
        "getUID",
        "setUID",
        "getExternalId",
        "setExternalId",
        "getRemoved",
        "setRemoved",
        "getUpdated",
        "setUpdated",
        "getCreated",
        "setCreated"
    ],
    "file_properties": []
}
[2025-05-28 01:53:28] Traitement du fichier {
    "file_class": "ProgressionWebService\\TaskAttachment",
    "file_methods": [
        "__construct",
        "getTypeRef",
        "setTypeRef",
        "getTitle",
        "setTitle",
        "getDescription",
        "setDescription",
        "getName",
        "setName",
        "getContentType",
        "setContentType",
        "getSize",
        "setSize",
        "getData",
        "setData",
        "getMetas",
        "setMetas",
        "getProperties",
        "setProperties",
        "getTags",
        "setTags",
        "getComments",
        "setComments",
        "getCreatorRef",
        "setCreatorRef",
        "getId",
        "setId",
        "getUID",
        "setUID",
        "getExternalId",
        "setExternalId",
        "getRemoved",
        "setRemoved",
        "getUpdated",
        "setUpdated",
        "getCreated",
        "setCreated"
    ],
    "file_properties": []
}
[2025-05-28 01:53:28] Traitement du fichier {
    "file_class": "ProgressionWebService\\TaskAttachment",
    "file_methods": [
        "__construct",
        "getTypeRef",
        "setTypeRef",
        "getTitle",
        "setTitle",
        "getDescription",
        "setDescription",
        "getName",
        "setName",
        "getContentType",
        "setContentType",
        "getSize",
        "setSize",
        "getData",
        "setData",
        "getMetas",
        "setMetas",
        "getProperties",
        "setProperties",
        "getTags",
        "setTags",
        "getComments",
        "setComments",
        "getCreatorRef",
        "setCreatorRef",
        "getId",
        "setId",
        "getUID",
        "setUID",
        "getExternalId",
        "setExternalId",
        "getRemoved",
        "setRemoved",
        "getUpdated",
        "setUpdated",
        "getCreated",
        "setCreated"
    ],
    "file_properties": []
}
[2025-05-28 01:53:28] Traitement du fichier {
    "file_class": "ProgressionWebService\\TaskAttachment",
    "file_methods": [
        "__construct",
        "getTypeRef",
        "setTypeRef",
        "getTitle",
        "setTitle",
        "getDescription",
        "setDescription",
        "getName",
        "setName",
        "getContentType",
        "setContentType",
        "getSize",
        "setSize",
        "getData",
        "setData",
        "getMetas",
        "setMetas",
        "getProperties",
        "setProperties",
        "getTags",
        "setTags",
        "getComments",
        "setComments",
        "getCreatorRef",
        "setCreatorRef",
        "getId",
        "setId",
        "getUID",
        "setUID",
        "getExternalId",
        "setExternalId",
        "getRemoved",
        "setRemoved",
        "getUpdated",
        "setUpdated",
        "getCreated",
        "setCreated"
    ],
    "file_properties": []
}
[2025-05-28 01:53:28] Traitement du fichier {
    "file_class": "ProgressionWebService\\TaskAttachment",
    "file_methods": [
        "__construct",
        "getTypeRef",
        "setTypeRef",
        "getTitle",
        "setTitle",
        "getDescription",
        "setDescription",
        "getName",
        "setName",
        "getContentType",
        "setContentType",
        "getSize",
        "setSize",
        "getData",
        "setData",
        "getMetas",
        "setMetas",
        "getProperties",
        "setProperties",
        "getTags",
        "setTags",
        "getComments",
        "setComments",
        "getCreatorRef",
        "setCreatorRef",
        "getId",
        "setId",
        "getUID",
        "setUID",
        "getExternalId",
        "setExternalId",
        "getRemoved",
        "setRemoved",
        "getUpdated",
        "setUpdated",
        "getCreated",
        "setCreated"
    ],
    "file_properties": []
}
[2025-05-28 01:53:28] Traitement du fichier {
    "file_class": "ProgressionWebService\\TaskAttachment",
    "file_methods": [
        "__construct",
        "getTypeRef",
        "setTypeRef",
        "getTitle",
        "setTitle",
        "getDescription",
        "setDescription",
        "getName",
        "setName",
        "getContentType",
        "setContentType",
        "getSize",
        "setSize",
        "getData",
        "setData",
        "getMetas",
        "setMetas",
        "getProperties",
        "setProperties",
        "getTags",
        "setTags",
        "getComments",
        "setComments",
        "getCreatorRef",
        "setCreatorRef",
        "getId",
        "setId",
        "getUID",
        "setUID",
        "getExternalId",
        "setExternalId",
        "getRemoved",
        "setRemoved",
        "getUpdated",
        "setUpdated",
        "getCreated",
        "setCreated"
    ],
    "file_properties": []
}
[2025-05-28 01:53:28] Traitement du fichier {
    "file_class": "ProgressionWebService\\TaskAttachment",
    "file_methods": [
        "__construct",
        "getTypeRef",
        "setTypeRef",
        "getTitle",
        "setTitle",
        "getDescription",
        "setDescription",
        "getName",
        "setName",
        "getContentType",
        "setContentType",
        "getSize",
        "setSize",
        "getData",
        "setData",
        "getMetas",
        "setMetas",
        "getProperties",
        "setProperties",
        "getTags",
        "setTags",
        "getComments",
        "setComments",
        "getCreatorRef",
        "setCreatorRef",
        "getId",
        "setId",
        "getUID",
        "setUID",
        "getExternalId",
        "setExternalId",
        "getRemoved",
        "setRemoved",
        "getUpdated",
        "setUpdated",
        "getCreated",
        "setCreated"
    ],
    "file_properties": []
}
[2025-05-28 01:53:28] Traitement du fichier {
    "file_class": "ProgressionWebService\\TaskAttachment",
    "file_methods": [
        "__construct",
        "getTypeRef",
        "setTypeRef",
        "getTitle",
        "setTitle",
        "getDescription",
        "setDescription",
        "getName",
        "setName",
        "getContentType",
        "setContentType",
        "getSize",
        "setSize",
        "getData",
        "setData",
        "getMetas",
        "setMetas",
        "getProperties",
        "setProperties",
        "getTags",
        "setTags",
        "getComments",
        "setComments",
        "getCreatorRef",
        "setCreatorRef",
        "getId",
        "setId",
        "getUID",
        "setUID",
        "getExternalId",
        "setExternalId",
        "getRemoved",
        "setRemoved",
        "getUpdated",
        "setUpdated",
        "getCreated",
        "setCreated"
    ],
    "file_properties": []
}
[2025-05-28 01:53:28] Traitement du fichier {
    "file_class": "ProgressionWebService\\TaskAttachment",
    "file_methods": [
        "__construct",
        "getTypeRef",
        "setTypeRef",
        "getTitle",
        "setTitle",
        "getDescription",
        "setDescription",
        "getName",
        "setName",
        "getContentType",
        "setContentType",
        "getSize",
        "setSize",
        "getData",
        "setData",
        "getMetas",
        "setMetas",
        "getProperties",
        "setProperties",
        "getTags",
        "setTags",
        "getComments",
        "setComments",
        "getCreatorRef",
        "setCreatorRef",
        "getId",
        "setId",
        "getUID",
        "setUID",
        "getExternalId",
        "setExternalId",
        "getRemoved",
        "setRemoved",
        "getUpdated",
        "setUpdated",
        "getCreated",
        "setCreated"
    ],
    "file_properties": []
}
[2025-05-28 01:53:28] Résultat final de la recherche de pièces jointes {
    "count": 16,
    "attachments": [
        {
            "id": 30137,
            "name": "SOU011595.pdf",
            "size": 16325,
            "isTargetFile": false
        },
        {
            "id": 30477,
            "name": "CAPACITÉ.jpg",
            "size": 246377,
            "isTargetFile": false
        },
        {
            "id": 30478,
            "name": "EMPL_EXT_OLD.jpg",
            "size": 367241,
            "isTargetFile": false
        },
        {
            "id": 30479,
            "name": "EMPL_INT_OLD.jpg",
            "size": 236029,
            "isTargetFile": false
        },
        {
            "id": 30480,
            "name": "EXT_CONDO.png",
            "size": 304938,
            "isTargetFile": false
        },
        {
            "id": 30481,
            "name": "LIGNES_EXT_OLD.jpg",
            "size": 307707,
            "isTargetFile": false
        },
        {
            "id": 30482,
            "name": "LIGNES_REFRIG.jpg",
            "size": 241053,
            "isTargetFile": false
        },
        {
            "id": 30483,
            "name": "PANNEAU.jpg",
            "size": 351519,
            "isTargetFile": false
        },
        {
            "id": 30484,
            "name": "SIGN_EXT_OLD.jpg",
            "size": 215775,
            "isTargetFile": false
        },
        {
            "id": 30485,
            "name": "PLAN.pdf",
            "size": 370279,
            "isTargetFile": false
        },
        {
            "id": 30776,
            "name": "panneau ",
            "size": 93716,
            "isTargetFile": false
        },
        {
            "id": 30779,
            "name": "mod série ext ",
            "size": 92091,
            "isTargetFile": false
        },
        {
            "id": 30780,
            "name": "ensemble ext ",
            "size": 146327,
            "isTargetFile": false
        },
        {
            "id": 30782,
            "name": "mod série int ",
            "size": 49114,
            "isTargetFile": false
        },
        {
            "id": 30783,
            "name": "ensemble int ",
            "size": 63039,
            "isTargetFile": false
        },
        {
            "id": 30784,
            "name": "drain",
            "size": 29432,
            "isTargetFile": false
        }
    ]
}
[2025-05-28 01:53:28] Réponse finale {
    "files_count": 16
}
[2025-05-28 01:56:18] Utilisation des données réelles de ProgressionLive []
[2025-05-28 01:56:18] Démarrage de la requête pour l'installation {
    "ins": "INS011658"
}
[2025-05-28 01:56:18] Configuration chargée []
[2025-05-28 01:56:18] URLs du service {
    "baseUrl": "https:\/\/garychartrand.progressionlive.com",
    "serviceUrl": "https:\/\/garychartrand.progressionlive.com\/server\/ws\/v2\/ProgressionWebService"
}
[2025-05-28 01:56:18] Création du service SOAP []
[2025-05-28 01:56:19] Service SOAP créé []
[2025-05-28 01:56:19] Informations d'identification créées {
    "username": "pierre@garychartrand.com"
}
[2025-05-28 01:56:19] Tentative de connexion []
[2025-05-28 01:56:19] Connexion réussie []
[2025-05-28 01:56:19] Recherche de la tâche {
    "installation": "INS011658"
}
[2025-05-28 01:56:19] Envoi de la requête SearchRecords []
[2025-05-28 01:56:19] Réponse de SearchRecords reçue []
[2025-05-28 01:56:19] Tâche trouvée {
    "task_id": 11658
}
[2025-05-28 01:56:19] Recherche des pièces jointes []
[2025-05-28 01:56:19] Envoi de la requête pour les pièces jointes {
    "task_id": 11658,
    "request": {
        "parentId": 11658,
        "recordType": "TASK_ATTACHMENT",
        "query": "parent.id = :parentId"
    }
}
[2025-05-28 01:56:20] Réponse reçue pour les pièces jointes {
    "has_records": true,
    "response_type": "object"
}
[2025-05-28 01:56:20] Structure de la réponse {
    "methods": [
        "__construct",
        "getRecords",
        "setRecords"
    ],
    "properties": []
}
[2025-05-28 01:56:20] Analyse de la réponse pour les pièces jointes {
    "reponse_null": false,
    "has_getRecords_method": true,
    "response_class": "ProgressionWebService\\SearchRecordsResponse"
}
[2025-05-28 01:56:20] Records obtenus {
    "records_null": false
}
[2025-05-28 01:56:20] Pièces jointes trouvées via getRecord() {
    "count": 7
}
[2025-05-28 01:56:20] Traitement du fichier {
    "file_class": "ProgressionWebService\\TaskAttachment",
    "file_methods": [
        "__construct",
        "getTypeRef",
        "setTypeRef",
        "getTitle",
        "setTitle",
        "getDescription",
        "setDescription",
        "getName",
        "setName",
        "getContentType",
        "setContentType",
        "getSize",
        "setSize",
        "getData",
        "setData",
        "getMetas",
        "setMetas",
        "getProperties",
        "setProperties",
        "getTags",
        "setTags",
        "getComments",
        "setComments",
        "getCreatorRef",
        "setCreatorRef",
        "getId",
        "setId",
        "getUID",
        "setUID",
        "getExternalId",
        "setExternalId",
        "getRemoved",
        "setRemoved",
        "getUpdated",
        "setUpdated",
        "getCreated",
        "setCreated"
    ],
    "file_properties": []
}
[2025-05-28 01:56:20] Traitement du fichier {
    "file_class": "ProgressionWebService\\TaskAttachment",
    "file_methods": [
        "__construct",
        "getTypeRef",
        "setTypeRef",
        "getTitle",
        "setTitle",
        "getDescription",
        "setDescription",
        "getName",
        "setName",
        "getContentType",
        "setContentType",
        "getSize",
        "setSize",
        "getData",
        "setData",
        "getMetas",
        "setMetas",
        "getProperties",
        "setProperties",
        "getTags",
        "setTags",
        "getComments",
        "setComments",
        "getCreatorRef",
        "setCreatorRef",
        "getId",
        "setId",
        "getUID",
        "setUID",
        "getExternalId",
        "setExternalId",
        "getRemoved",
        "setRemoved",
        "getUpdated",
        "setUpdated",
        "getCreated",
        "setCreated"
    ],
    "file_properties": []
}
[2025-05-28 01:56:20] Traitement du fichier {
    "file_class": "ProgressionWebService\\TaskAttachment",
    "file_methods": [
        "__construct",
        "getTypeRef",
        "setTypeRef",
        "getTitle",
        "setTitle",
        "getDescription",
        "setDescription",
        "getName",
        "setName",
        "getContentType",
        "setContentType",
        "getSize",
        "setSize",
        "getData",
        "setData",
        "getMetas",
        "setMetas",
        "getProperties",
        "setProperties",
        "getTags",
        "setTags",
        "getComments",
        "setComments",
        "getCreatorRef",
        "setCreatorRef",
        "getId",
        "setId",
        "getUID",
        "setUID",
        "getExternalId",
        "setExternalId",
        "getRemoved",
        "setRemoved",
        "getUpdated",
        "setUpdated",
        "getCreated",
        "setCreated"
    ],
    "file_properties": []
}
[2025-05-28 01:56:20] Traitement du fichier {
    "file_class": "ProgressionWebService\\TaskAttachment",
    "file_methods": [
        "__construct",
        "getTypeRef",
        "setTypeRef",
        "getTitle",
        "setTitle",
        "getDescription",
        "setDescription",
        "getName",
        "setName",
        "getContentType",
        "setContentType",
        "getSize",
        "setSize",
        "getData",
        "setData",
        "getMetas",
        "setMetas",
        "getProperties",
        "setProperties",
        "getTags",
        "setTags",
        "getComments",
        "setComments",
        "getCreatorRef",
        "setCreatorRef",
        "getId",
        "setId",
        "getUID",
        "setUID",
        "getExternalId",
        "setExternalId",
        "getRemoved",
        "setRemoved",
        "getUpdated",
        "setUpdated",
        "getCreated",
        "setCreated"
    ],
    "file_properties": []
}
[2025-05-28 01:56:20] Traitement du fichier {
    "file_class": "ProgressionWebService\\TaskAttachment",
    "file_methods": [
        "__construct",
        "getTypeRef",
        "setTypeRef",
        "getTitle",
        "setTitle",
        "getDescription",
        "setDescription",
        "getName",
        "setName",
        "getContentType",
        "setContentType",
        "getSize",
        "setSize",
        "getData",
        "setData",
        "getMetas",
        "setMetas",
        "getProperties",
        "setProperties",
        "getTags",
        "setTags",
        "getComments",
        "setComments",
        "getCreatorRef",
        "setCreatorRef",
        "getId",
        "setId",
        "getUID",
        "setUID",
        "getExternalId",
        "setExternalId",
        "getRemoved",
        "setRemoved",
        "getUpdated",
        "setUpdated",
        "getCreated",
        "setCreated"
    ],
    "file_properties": []
}
[2025-05-28 01:56:20] Traitement du fichier {
    "file_class": "ProgressionWebService\\TaskAttachment",
    "file_methods": [
        "__construct",
        "getTypeRef",
        "setTypeRef",
        "getTitle",
        "setTitle",
        "getDescription",
        "setDescription",
        "getName",
        "setName",
        "getContentType",
        "setContentType",
        "getSize",
        "setSize",
        "getData",
        "setData",
        "getMetas",
        "setMetas",
        "getProperties",
        "setProperties",
        "getTags",
        "setTags",
        "getComments",
        "setComments",
        "getCreatorRef",
        "setCreatorRef",
        "getId",
        "setId",
        "getUID",
        "setUID",
        "getExternalId",
        "setExternalId",
        "getRemoved",
        "setRemoved",
        "getUpdated",
        "setUpdated",
        "getCreated",
        "setCreated"
    ],
    "file_properties": []
}
[2025-05-28 01:56:20] Traitement du fichier {
    "file_class": "ProgressionWebService\\TaskAttachment",
    "file_methods": [
        "__construct",
        "getTypeRef",
        "setTypeRef",
        "getTitle",
        "setTitle",
        "getDescription",
        "setDescription",
        "getName",
        "setName",
        "getContentType",
        "setContentType",
        "getSize",
        "setSize",
        "getData",
        "setData",
        "getMetas",
        "setMetas",
        "getProperties",
        "setProperties",
        "getTags",
        "setTags",
        "getComments",
        "setComments",
        "getCreatorRef",
        "setCreatorRef",
        "getId",
        "setId",
        "getUID",
        "setUID",
        "getExternalId",
        "setExternalId",
        "getRemoved",
        "setRemoved",
        "getUpdated",
        "setUpdated",
        "getCreated",
        "setCreated"
    ],
    "file_properties": []
}
[2025-05-28 01:56:20] Résultat final de la recherche de pièces jointes {
    "count": 7,
    "attachments": [
        {
            "id": 30407,
            "name": "SOU011485.pdf",
            "size": 16367,
            "isTargetFile": false
        },
        {
            "id": 30432,
            "name": "EMPL_EXT.jpg",
            "size": 452549,
            "isTargetFile": false
        },
        {
            "id": 30433,
            "name": "EMPL_INT.jpg",
            "size": 284502,
            "isTargetFile": false
        },
        {
            "id": 30434,
            "name": "ESPACE_INT.jpg",
            "size": 149939,
            "isTargetFile": false
        },
        {
            "id": 30435,
            "name": "EXEMPLE_EXT.png",
            "size": 236941,
            "isTargetFile": false
        },
        {
            "id": 30436,
            "name": "PANNEAU.jpg",
            "size": 330636,
            "isTargetFile": false
        },
        {
            "id": 30440,
            "name": "PLAN.pdf",
            "size": 330364,
            "isTargetFile": false
        }
    ]
}
[2025-05-28 01:56:20] Réponse finale {
    "files_count": 7
}
[2025-05-28 01:58:07] Utilisation des données réelles de ProgressionLive []
[2025-05-28 01:58:07] Démarrage de la requête pour l'installation {
    "ins": "INS011658"
}
[2025-05-28 01:58:07] Configuration chargée []
[2025-05-28 01:58:07] URLs du service {
    "baseUrl": "https:\/\/garychartrand.progressionlive.com",
    "serviceUrl": "https:\/\/garychartrand.progressionlive.com\/server\/ws\/v2\/ProgressionWebService"
}
[2025-05-28 01:58:07] Création du service SOAP []
[2025-05-28 01:58:08] Service SOAP créé []
[2025-05-28 01:58:08] Informations d'identification créées {
    "username": "pierre@garychartrand.com"
}
[2025-05-28 01:58:08] Tentative de connexion []
[2025-05-28 01:58:08] Connexion réussie []
[2025-05-28 01:58:08] Recherche de la tâche {
    "installation": "INS011658"
}
[2025-05-28 01:58:08] Envoi de la requête SearchRecords []
[2025-05-28 01:58:08] Réponse de SearchRecords reçue []
[2025-05-28 01:58:08] Tâche trouvée {
    "task_id": 11658
}
[2025-05-28 01:58:08] Recherche des pièces jointes []
[2025-05-28 01:58:08] Envoi de la requête pour les pièces jointes {
    "task_id": 11658,
    "request": {
        "parentId": 11658,
        "recordType": "TASK_ATTACHMENT",
        "query": "parent.id = :parentId"
    }
}
[2025-05-28 01:58:08] Réponse reçue pour les pièces jointes {
    "has_records": true,
    "response_type": "object"
}
[2025-05-28 01:58:08] Structure de la réponse {
    "methods": [
        "__construct",
        "getRecords",
        "setRecords"
    ],
    "properties": []
}
[2025-05-28 01:58:08] Analyse de la réponse pour les pièces jointes {
    "reponse_null": false,
    "has_getRecords_method": true,
    "response_class": "ProgressionWebService\\SearchRecordsResponse"
}
[2025-05-28 01:58:08] Records obtenus {
    "records_null": false
}
[2025-05-28 01:58:08] Pièces jointes trouvées via getRecord() {
    "count": 7
}
[2025-05-28 01:58:08] Traitement du fichier {
    "file_class": "ProgressionWebService\\TaskAttachment",
    "file_methods": [
        "__construct",
        "getTypeRef",
        "setTypeRef",
        "getTitle",
        "setTitle",
        "getDescription",
        "setDescription",
        "getName",
        "setName",
        "getContentType",
        "setContentType",
        "getSize",
        "setSize",
        "getData",
        "setData",
        "getMetas",
        "setMetas",
        "getProperties",
        "setProperties",
        "getTags",
        "setTags",
        "getComments",
        "setComments",
        "getCreatorRef",
        "setCreatorRef",
        "getId",
        "setId",
        "getUID",
        "setUID",
        "getExternalId",
        "setExternalId",
        "getRemoved",
        "setRemoved",
        "getUpdated",
        "setUpdated",
        "getCreated",
        "setCreated"
    ],
    "file_properties": []
}
[2025-05-28 01:58:08] Traitement du fichier {
    "file_class": "ProgressionWebService\\TaskAttachment",
    "file_methods": [
        "__construct",
        "getTypeRef",
        "setTypeRef",
        "getTitle",
        "setTitle",
        "getDescription",
        "setDescription",
        "getName",
        "setName",
        "getContentType",
        "setContentType",
        "getSize",
        "setSize",
        "getData",
        "setData",
        "getMetas",
        "setMetas",
        "getProperties",
        "setProperties",
        "getTags",
        "setTags",
        "getComments",
        "setComments",
        "getCreatorRef",
        "setCreatorRef",
        "getId",
        "setId",
        "getUID",
        "setUID",
        "getExternalId",
        "setExternalId",
        "getRemoved",
        "setRemoved",
        "getUpdated",
        "setUpdated",
        "getCreated",
        "setCreated"
    ],
    "file_properties": []
}
[2025-05-28 01:58:08] Traitement du fichier {
    "file_class": "ProgressionWebService\\TaskAttachment",
    "file_methods": [
        "__construct",
        "getTypeRef",
        "setTypeRef",
        "getTitle",
        "setTitle",
        "getDescription",
        "setDescription",
        "getName",
        "setName",
        "getContentType",
        "setContentType",
        "getSize",
        "setSize",
        "getData",
        "setData",
        "getMetas",
        "setMetas",
        "getProperties",
        "setProperties",
        "getTags",
        "setTags",
        "getComments",
        "setComments",
        "getCreatorRef",
        "setCreatorRef",
        "getId",
        "setId",
        "getUID",
        "setUID",
        "getExternalId",
        "setExternalId",
        "getRemoved",
        "setRemoved",
        "getUpdated",
        "setUpdated",
        "getCreated",
        "setCreated"
    ],
    "file_properties": []
}
[2025-05-28 01:58:08] Traitement du fichier {
    "file_class": "ProgressionWebService\\TaskAttachment",
    "file_methods": [
        "__construct",
        "getTypeRef",
        "setTypeRef",
        "getTitle",
        "setTitle",
        "getDescription",
        "setDescription",
        "getName",
        "setName",
        "getContentType",
        "setContentType",
        "getSize",
        "setSize",
        "getData",
        "setData",
        "getMetas",
        "setMetas",
        "getProperties",
        "setProperties",
        "getTags",
        "setTags",
        "getComments",
        "setComments",
        "getCreatorRef",
        "setCreatorRef",
        "getId",
        "setId",
        "getUID",
        "setUID",
        "getExternalId",
        "setExternalId",
        "getRemoved",
        "setRemoved",
        "getUpdated",
        "setUpdated",
        "getCreated",
        "setCreated"
    ],
    "file_properties": []
}
[2025-05-28 01:58:08] Traitement du fichier {
    "file_class": "ProgressionWebService\\TaskAttachment",
    "file_methods": [
        "__construct",
        "getTypeRef",
        "setTypeRef",
        "getTitle",
        "setTitle",
        "getDescription",
        "setDescription",
        "getName",
        "setName",
        "getContentType",
        "setContentType",
        "getSize",
        "setSize",
        "getData",
        "setData",
        "getMetas",
        "setMetas",
        "getProperties",
        "setProperties",
        "getTags",
        "setTags",
        "getComments",
        "setComments",
        "getCreatorRef",
        "setCreatorRef",
        "getId",
        "setId",
        "getUID",
        "setUID",
        "getExternalId",
        "setExternalId",
        "getRemoved",
        "setRemoved",
        "getUpdated",
        "setUpdated",
        "getCreated",
        "setCreated"
    ],
    "file_properties": []
}
[2025-05-28 01:58:08] Traitement du fichier {
    "file_class": "ProgressionWebService\\TaskAttachment",
    "file_methods": [
        "__construct",
        "getTypeRef",
        "setTypeRef",
        "getTitle",
        "setTitle",
        "getDescription",
        "setDescription",
        "getName",
        "setName",
        "getContentType",
        "setContentType",
        "getSize",
        "setSize",
        "getData",
        "setData",
        "getMetas",
        "setMetas",
        "getProperties",
        "setProperties",
        "getTags",
        "setTags",
        "getComments",
        "setComments",
        "getCreatorRef",
        "setCreatorRef",
        "getId",
        "setId",
        "getUID",
        "setUID",
        "getExternalId",
        "setExternalId",
        "getRemoved",
        "setRemoved",
        "getUpdated",
        "setUpdated",
        "getCreated",
        "setCreated"
    ],
    "file_properties": []
}
[2025-05-28 01:58:08] Traitement du fichier {
    "file_class": "ProgressionWebService\\TaskAttachment",
    "file_methods": [
        "__construct",
        "getTypeRef",
        "setTypeRef",
        "getTitle",
        "setTitle",
        "getDescription",
        "setDescription",
        "getName",
        "setName",
        "getContentType",
        "setContentType",
        "getSize",
        "setSize",
        "getData",
        "setData",
        "getMetas",
        "setMetas",
        "getProperties",
        "setProperties",
        "getTags",
        "setTags",
        "getComments",
        "setComments",
        "getCreatorRef",
        "setCreatorRef",
        "getId",
        "setId",
        "getUID",
        "setUID",
        "getExternalId",
        "setExternalId",
        "getRemoved",
        "setRemoved",
        "getUpdated",
        "setUpdated",
        "getCreated",
        "setCreated"
    ],
    "file_properties": []
}
[2025-05-28 01:58:08] Résultat final de la recherche de pièces jointes {
    "count": 7,
    "attachments": [
        {
            "id": 30407,
            "name": "SOU011485.pdf",
            "size": 16367,
            "isTargetFile": false
        },
        {
            "id": 30432,
            "name": "EMPL_EXT.jpg",
            "size": 452549,
            "isTargetFile": false
        },
        {
            "id": 30433,
            "name": "EMPL_INT.jpg",
            "size": 284502,
            "isTargetFile": false
        },
        {
            "id": 30434,
            "name": "ESPACE_INT.jpg",
            "size": 149939,
            "isTargetFile": false
        },
        {
            "id": 30435,
            "name": "EXEMPLE_EXT.png",
            "size": 236941,
            "isTargetFile": false
        },
        {
            "id": 30436,
            "name": "PANNEAU.jpg",
            "size": 330636,
            "isTargetFile": false
        },
        {
            "id": 30440,
            "name": "PLAN.pdf",
            "size": 330364,
            "isTargetFile": false
        }
    ]
}
[2025-05-28 01:58:08] Réponse finale {
    "files_count": 7
}
[2025-05-28 01:59:20] Utilisation des données réelles de ProgressionLive []
[2025-05-28 01:59:20] Démarrage de la requête pour l'installation {
    "ins": "INS011658"
}
[2025-05-28 01:59:20] Configuration chargée []
[2025-05-28 01:59:20] URLs du service {
    "baseUrl": "https:\/\/garychartrand.progressionlive.com",
    "serviceUrl": "https:\/\/garychartrand.progressionlive.com\/server\/ws\/v2\/ProgressionWebService"
}
[2025-05-28 01:59:20] Création du service SOAP []
[2025-05-28 01:59:20] Service SOAP créé []
[2025-05-28 01:59:20] Informations d'identification créées {
    "username": "pierre@garychartrand.com"
}
[2025-05-28 01:59:20] Tentative de connexion []
[2025-05-28 01:59:20] Connexion réussie []
[2025-05-28 01:59:20] Recherche de la tâche {
    "installation": "INS011658"
}
[2025-05-28 01:59:20] Envoi de la requête SearchRecords []
[2025-05-28 01:59:20] Réponse de SearchRecords reçue []
[2025-05-28 01:59:20] Tâche trouvée {
    "task_id": 11658
}
[2025-05-28 01:59:20] Recherche des pièces jointes []
[2025-05-28 01:59:20] Envoi de la requête pour les pièces jointes {
    "task_id": 11658,
    "request": {
        "parentId": 11658,
        "recordType": "TASK_ATTACHMENT",
        "query": "parent.id = :parentId"
    }
}
[2025-05-28 01:59:21] Réponse reçue pour les pièces jointes {
    "has_records": true,
    "response_type": "object"
}
[2025-05-28 01:59:21] Structure de la réponse {
    "methods": [
        "__construct",
        "getRecords",
        "setRecords"
    ],
    "properties": []
}
[2025-05-28 01:59:21] Analyse de la réponse pour les pièces jointes {
    "reponse_null": false,
    "has_getRecords_method": true,
    "response_class": "ProgressionWebService\\SearchRecordsResponse"
}
[2025-05-28 01:59:21] Records obtenus {
    "records_null": false
}
[2025-05-28 01:59:21] Pièces jointes trouvées via getRecord() {
    "count": 7
}
[2025-05-28 01:59:21] Traitement du fichier {
    "file_class": "ProgressionWebService\\TaskAttachment",
    "file_methods": [
        "__construct",
        "getTypeRef",
        "setTypeRef",
        "getTitle",
        "setTitle",
        "getDescription",
        "setDescription",
        "getName",
        "setName",
        "getContentType",
        "setContentType",
        "getSize",
        "setSize",
        "getData",
        "setData",
        "getMetas",
        "setMetas",
        "getProperties",
        "setProperties",
        "getTags",
        "setTags",
        "getComments",
        "setComments",
        "getCreatorRef",
        "setCreatorRef",
        "getId",
        "setId",
        "getUID",
        "setUID",
        "getExternalId",
        "setExternalId",
        "getRemoved",
        "setRemoved",
        "getUpdated",
        "setUpdated",
        "getCreated",
        "setCreated"
    ],
    "file_properties": []
}
[2025-05-28 01:59:21] Traitement du fichier {
    "file_class": "ProgressionWebService\\TaskAttachment",
    "file_methods": [
        "__construct",
        "getTypeRef",
        "setTypeRef",
        "getTitle",
        "setTitle",
        "getDescription",
        "setDescription",
        "getName",
        "setName",
        "getContentType",
        "setContentType",
        "getSize",
        "setSize",
        "getData",
        "setData",
        "getMetas",
        "setMetas",
        "getProperties",
        "setProperties",
        "getTags",
        "setTags",
        "getComments",
        "setComments",
        "getCreatorRef",
        "setCreatorRef",
        "getId",
        "setId",
        "getUID",
        "setUID",
        "getExternalId",
        "setExternalId",
        "getRemoved",
        "setRemoved",
        "getUpdated",
        "setUpdated",
        "getCreated",
        "setCreated"
    ],
    "file_properties": []
}
[2025-05-28 01:59:21] Traitement du fichier {
    "file_class": "ProgressionWebService\\TaskAttachment",
    "file_methods": [
        "__construct",
        "getTypeRef",
        "setTypeRef",
        "getTitle",
        "setTitle",
        "getDescription",
        "setDescription",
        "getName",
        "setName",
        "getContentType",
        "setContentType",
        "getSize",
        "setSize",
        "getData",
        "setData",
        "getMetas",
        "setMetas",
        "getProperties",
        "setProperties",
        "getTags",
        "setTags",
        "getComments",
        "setComments",
        "getCreatorRef",
        "setCreatorRef",
        "getId",
        "setId",
        "getUID",
        "setUID",
        "getExternalId",
        "setExternalId",
        "getRemoved",
        "setRemoved",
        "getUpdated",
        "setUpdated",
        "getCreated",
        "setCreated"
    ],
    "file_properties": []
}
[2025-05-28 01:59:21] Traitement du fichier {
    "file_class": "ProgressionWebService\\TaskAttachment",
    "file_methods": [
        "__construct",
        "getTypeRef",
        "setTypeRef",
        "getTitle",
        "setTitle",
        "getDescription",
        "setDescription",
        "getName",
        "setName",
        "getContentType",
        "setContentType",
        "getSize",
        "setSize",
        "getData",
        "setData",
        "getMetas",
        "setMetas",
        "getProperties",
        "setProperties",
        "getTags",
        "setTags",
        "getComments",
        "setComments",
        "getCreatorRef",
        "setCreatorRef",
        "getId",
        "setId",
        "getUID",
        "setUID",
        "getExternalId",
        "setExternalId",
        "getRemoved",
        "setRemoved",
        "getUpdated",
        "setUpdated",
        "getCreated",
        "setCreated"
    ],
    "file_properties": []
}
[2025-05-28 01:59:21] Traitement du fichier {
    "file_class": "ProgressionWebService\\TaskAttachment",
    "file_methods": [
        "__construct",
        "getTypeRef",
        "setTypeRef",
        "getTitle",
        "setTitle",
        "getDescription",
        "setDescription",
        "getName",
        "setName",
        "getContentType",
        "setContentType",
        "getSize",
        "setSize",
        "getData",
        "setData",
        "getMetas",
        "setMetas",
        "getProperties",
        "setProperties",
        "getTags",
        "setTags",
        "getComments",
        "setComments",
        "getCreatorRef",
        "setCreatorRef",
        "getId",
        "setId",
        "getUID",
        "setUID",
        "getExternalId",
        "setExternalId",
        "getRemoved",
        "setRemoved",
        "getUpdated",
        "setUpdated",
        "getCreated",
        "setCreated"
    ],
    "file_properties": []
}
[2025-05-28 01:59:21] Traitement du fichier {
    "file_class": "ProgressionWebService\\TaskAttachment",
    "file_methods": [
        "__construct",
        "getTypeRef",
        "setTypeRef",
        "getTitle",
        "setTitle",
        "getDescription",
        "setDescription",
        "getName",
        "setName",
        "getContentType",
        "setContentType",
        "getSize",
        "setSize",
        "getData",
        "setData",
        "getMetas",
        "setMetas",
        "getProperties",
        "setProperties",
        "getTags",
        "setTags",
        "getComments",
        "setComments",
        "getCreatorRef",
        "setCreatorRef",
        "getId",
        "setId",
        "getUID",
        "setUID",
        "getExternalId",
        "setExternalId",
        "getRemoved",
        "setRemoved",
        "getUpdated",
        "setUpdated",
        "getCreated",
        "setCreated"
    ],
    "file_properties": []
}
[2025-05-28 01:59:21] Traitement du fichier {
    "file_class": "ProgressionWebService\\TaskAttachment",
    "file_methods": [
        "__construct",
        "getTypeRef",
        "setTypeRef",
        "getTitle",
        "setTitle",
        "getDescription",
        "setDescription",
        "getName",
        "setName",
        "getContentType",
        "setContentType",
        "getSize",
        "setSize",
        "getData",
        "setData",
        "getMetas",
        "setMetas",
        "getProperties",
        "setProperties",
        "getTags",
        "setTags",
        "getComments",
        "setComments",
        "getCreatorRef",
        "setCreatorRef",
        "getId",
        "setId",
        "getUID",
        "setUID",
        "getExternalId",
        "setExternalId",
        "getRemoved",
        "setRemoved",
        "getUpdated",
        "setUpdated",
        "getCreated",
        "setCreated"
    ],
    "file_properties": []
}
[2025-05-28 01:59:21] Résultat final de la recherche de pièces jointes {
    "count": 7,
    "attachments": [
        {
            "id": 30407,
            "name": "SOU011485.pdf",
            "size": 16367,
            "isTargetFile": false
        },
        {
            "id": 30432,
            "name": "EMPL_EXT.jpg",
            "size": 452549,
            "isTargetFile": false
        },
        {
            "id": 30433,
            "name": "EMPL_INT.jpg",
            "size": 284502,
            "isTargetFile": false
        },
        {
            "id": 30434,
            "name": "ESPACE_INT.jpg",
            "size": 149939,
            "isTargetFile": false
        },
        {
            "id": 30435,
            "name": "EXEMPLE_EXT.png",
            "size": 236941,
            "isTargetFile": false
        },
        {
            "id": 30436,
            "name": "PANNEAU.jpg",
            "size": 330636,
            "isTargetFile": false
        },
        {
            "id": 30440,
            "name": "PLAN.pdf",
            "size": 330364,
            "isTargetFile": false
        }
    ]
}
[2025-05-28 01:59:21] Réponse finale {
    "files_count": 7
}
[2025-05-28 02:04:06] Utilisation des données réelles de ProgressionLive []
[2025-05-28 02:04:06] Démarrage de la requête pour l'installation {
    "ins": "INS011658"
}
[2025-05-28 02:04:06] Configuration chargée []
[2025-05-28 02:04:06] URLs du service {
    "baseUrl": "https:\/\/garychartrand.progressionlive.com",
    "serviceUrl": "https:\/\/garychartrand.progressionlive.com\/server\/ws\/v2\/ProgressionWebService"
}
[2025-05-28 02:04:06] Création du service SOAP []
[2025-05-28 02:04:06] Service SOAP créé []
[2025-05-28 02:04:06] Informations d'identification créées {
    "username": "pierre@garychartrand.com"
}
[2025-05-28 02:04:06] Tentative de connexion []
[2025-05-28 02:04:06] Connexion réussie []
[2025-05-28 02:04:06] Recherche de la tâche {
    "installation": "INS011658"
}
[2025-05-28 02:04:06] Envoi de la requête SearchRecords []
[2025-05-28 02:04:06] Réponse de SearchRecords reçue []
[2025-05-28 02:04:06] Tâche trouvée {
    "task_id": 11658
}
[2025-05-28 02:04:06] Recherche des pièces jointes []
[2025-05-28 02:04:06] Envoi de la requête pour les pièces jointes {
    "task_id": 11658,
    "request": {
        "parentId": 11658,
        "recordType": "TASK_ATTACHMENT",
        "query": "parent.id = :parentId"
    }
}
[2025-05-28 02:04:08] Réponse reçue pour les pièces jointes {
    "has_records": true,
    "response_type": "object"
}
[2025-05-28 02:04:08] Structure de la réponse {
    "methods": [
        "__construct",
        "getRecords",
        "setRecords"
    ],
    "properties": []
}
[2025-05-28 02:04:08] Analyse de la réponse pour les pièces jointes {
    "reponse_null": false,
    "has_getRecords_method": true,
    "response_class": "ProgressionWebService\\SearchRecordsResponse"
}
[2025-05-28 02:04:08] Records obtenus {
    "records_null": false
}
[2025-05-28 02:04:08] Pièces jointes trouvées via getRecord() {
    "count": 7
}
[2025-05-28 02:04:08] Traitement du fichier {
    "file_class": "ProgressionWebService\\TaskAttachment",
    "file_methods": [
        "__construct",
        "getTypeRef",
        "setTypeRef",
        "getTitle",
        "setTitle",
        "getDescription",
        "setDescription",
        "getName",
        "setName",
        "getContentType",
        "setContentType",
        "getSize",
        "setSize",
        "getData",
        "setData",
        "getMetas",
        "setMetas",
        "getProperties",
        "setProperties",
        "getTags",
        "setTags",
        "getComments",
        "setComments",
        "getCreatorRef",
        "setCreatorRef",
        "getId",
        "setId",
        "getUID",
        "setUID",
        "getExternalId",
        "setExternalId",
        "getRemoved",
        "setRemoved",
        "getUpdated",
        "setUpdated",
        "getCreated",
        "setCreated"
    ],
    "file_properties": []
}
[2025-05-28 02:04:08] Traitement du fichier {
    "file_class": "ProgressionWebService\\TaskAttachment",
    "file_methods": [
        "__construct",
        "getTypeRef",
        "setTypeRef",
        "getTitle",
        "setTitle",
        "getDescription",
        "setDescription",
        "getName",
        "setName",
        "getContentType",
        "setContentType",
        "getSize",
        "setSize",
        "getData",
        "setData",
        "getMetas",
        "setMetas",
        "getProperties",
        "setProperties",
        "getTags",
        "setTags",
        "getComments",
        "setComments",
        "getCreatorRef",
        "setCreatorRef",
        "getId",
        "setId",
        "getUID",
        "setUID",
        "getExternalId",
        "setExternalId",
        "getRemoved",
        "setRemoved",
        "getUpdated",
        "setUpdated",
        "getCreated",
        "setCreated"
    ],
    "file_properties": []
}
[2025-05-28 02:04:08] Traitement du fichier {
    "file_class": "ProgressionWebService\\TaskAttachment",
    "file_methods": [
        "__construct",
        "getTypeRef",
        "setTypeRef",
        "getTitle",
        "setTitle",
        "getDescription",
        "setDescription",
        "getName",
        "setName",
        "getContentType",
        "setContentType",
        "getSize",
        "setSize",
        "getData",
        "setData",
        "getMetas",
        "setMetas",
        "getProperties",
        "setProperties",
        "getTags",
        "setTags",
        "getComments",
        "setComments",
        "getCreatorRef",
        "setCreatorRef",
        "getId",
        "setId",
        "getUID",
        "setUID",
        "getExternalId",
        "setExternalId",
        "getRemoved",
        "setRemoved",
        "getUpdated",
        "setUpdated",
        "getCreated",
        "setCreated"
    ],
    "file_properties": []
}
[2025-05-28 02:04:08] Traitement du fichier {
    "file_class": "ProgressionWebService\\TaskAttachment",
    "file_methods": [
        "__construct",
        "getTypeRef",
        "setTypeRef",
        "getTitle",
        "setTitle",
        "getDescription",
        "setDescription",
        "getName",
        "setName",
        "getContentType",
        "setContentType",
        "getSize",
        "setSize",
        "getData",
        "setData",
        "getMetas",
        "setMetas",
        "getProperties",
        "setProperties",
        "getTags",
        "setTags",
        "getComments",
        "setComments",
        "getCreatorRef",
        "setCreatorRef",
        "getId",
        "setId",
        "getUID",
        "setUID",
        "getExternalId",
        "setExternalId",
        "getRemoved",
        "setRemoved",
        "getUpdated",
        "setUpdated",
        "getCreated",
        "setCreated"
    ],
    "file_properties": []
}
[2025-05-28 02:04:08] Traitement du fichier {
    "file_class": "ProgressionWebService\\TaskAttachment",
    "file_methods": [
        "__construct",
        "getTypeRef",
        "setTypeRef",
        "getTitle",
        "setTitle",
        "getDescription",
        "setDescription",
        "getName",
        "setName",
        "getContentType",
        "setContentType",
        "getSize",
        "setSize",
        "getData",
        "setData",
        "getMetas",
        "setMetas",
        "getProperties",
        "setProperties",
        "getTags",
        "setTags",
        "getComments",
        "setComments",
        "getCreatorRef",
        "setCreatorRef",
        "getId",
        "setId",
        "getUID",
        "setUID",
        "getExternalId",
        "setExternalId",
        "getRemoved",
        "setRemoved",
        "getUpdated",
        "setUpdated",
        "getCreated",
        "setCreated"
    ],
    "file_properties": []
}
[2025-05-28 02:04:08] Traitement du fichier {
    "file_class": "ProgressionWebService\\TaskAttachment",
    "file_methods": [
        "__construct",
        "getTypeRef",
        "setTypeRef",
        "getTitle",
        "setTitle",
        "getDescription",
        "setDescription",
        "getName",
        "setName",
        "getContentType",
        "setContentType",
        "getSize",
        "setSize",
        "getData",
        "setData",
        "getMetas",
        "setMetas",
        "getProperties",
        "setProperties",
        "getTags",
        "setTags",
        "getComments",
        "setComments",
        "getCreatorRef",
        "setCreatorRef",
        "getId",
        "setId",
        "getUID",
        "setUID",
        "getExternalId",
        "setExternalId",
        "getRemoved",
        "setRemoved",
        "getUpdated",
        "setUpdated",
        "getCreated",
        "setCreated"
    ],
    "file_properties": []
}
[2025-05-28 02:04:08] Traitement du fichier {
    "file_class": "ProgressionWebService\\TaskAttachment",
    "file_methods": [
        "__construct",
        "getTypeRef",
        "setTypeRef",
        "getTitle",
        "setTitle",
        "getDescription",
        "setDescription",
        "getName",
        "setName",
        "getContentType",
        "setContentType",
        "getSize",
        "setSize",
        "getData",
        "setData",
        "getMetas",
        "setMetas",
        "getProperties",
        "setProperties",
        "getTags",
        "setTags",
        "getComments",
        "setComments",
        "getCreatorRef",
        "setCreatorRef",
        "getId",
        "setId",
        "getUID",
        "setUID",
        "getExternalId",
        "setExternalId",
        "getRemoved",
        "setRemoved",
        "getUpdated",
        "setUpdated",
        "getCreated",
        "setCreated"
    ],
    "file_properties": []
}
[2025-05-28 02:04:08] Résultat final de la recherche de pièces jointes {
    "count": 7,
    "attachments": [
        {
            "id": 30407,
            "name": "SOU011485.pdf",
            "size": 16367,
            "isTargetFile": false
        },
        {
            "id": 30432,
            "name": "EMPL_EXT.jpg",
            "size": 452549,
            "isTargetFile": false
        },
        {
            "id": 30433,
            "name": "EMPL_INT.jpg",
            "size": 284502,
            "isTargetFile": false
        },
        {
            "id": 30434,
            "name": "ESPACE_INT.jpg",
            "size": 149939,
            "isTargetFile": false
        },
        {
            "id": 30435,
            "name": "EXEMPLE_EXT.png",
            "size": 236941,
            "isTargetFile": false
        },
        {
            "id": 30436,
            "name": "PANNEAU.jpg",
            "size": 330636,
            "isTargetFile": false
        },
        {
            "id": 30440,
            "name": "PLAN.pdf",
            "size": 330364,
            "isTargetFile": false
        }
    ]
}
[2025-05-28 02:04:08] Réponse finale {
    "files_count": 7
}
[2025-05-28 02:07:08] Utilisation des données réelles de ProgressionLive []
[2025-05-28 02:07:08] Démarrage de la requête pour l'installation {
    "ins": "INS011658"
}
[2025-05-28 02:07:08] Configuration chargée []
[2025-05-28 02:07:08] URLs du service {
    "baseUrl": "https:\/\/garychartrand.progressionlive.com",
    "serviceUrl": "https:\/\/garychartrand.progressionlive.com\/server\/ws\/v2\/ProgressionWebService"
}
[2025-05-28 02:07:08] Création du service SOAP []
[2025-05-28 02:07:09] Service SOAP créé []
[2025-05-28 02:07:09] Informations d'identification créées {
    "username": "pierre@garychartrand.com"
}
[2025-05-28 02:07:09] Tentative de connexion []
[2025-05-28 02:07:09] Connexion réussie []
[2025-05-28 02:07:09] Recherche de la tâche {
    "installation": "INS011658"
}
[2025-05-28 02:07:09] Envoi de la requête SearchRecords []
[2025-05-28 02:07:09] Réponse de SearchRecords reçue []
[2025-05-28 02:07:09] Tâche trouvée {
    "task_id": 11658
}
[2025-05-28 02:07:09] Recherche des pièces jointes []
[2025-05-28 02:07:09] Envoi de la requête pour les pièces jointes {
    "task_id": 11658,
    "request": {
        "parentId": 11658,
        "recordType": "TASK_ATTACHMENT",
        "query": "parent.id = :parentId"
    }
}
[2025-05-28 02:07:10] Réponse reçue pour les pièces jointes {
    "has_records": true,
    "response_type": "object"
}
[2025-05-28 02:07:10] Structure de la réponse {
    "methods": [
        "__construct",
        "getRecords",
        "setRecords"
    ],
    "properties": []
}
[2025-05-28 02:07:10] Analyse de la réponse pour les pièces jointes {
    "reponse_null": false,
    "has_getRecords_method": true,
    "response_class": "ProgressionWebService\\SearchRecordsResponse"
}
[2025-05-28 02:07:10] Records obtenus {
    "records_null": false
}
[2025-05-28 02:07:10] Pièces jointes trouvées via getRecord() {
    "count": 7
}
[2025-05-28 02:07:10] Traitement du fichier {
    "file_class": "ProgressionWebService\\TaskAttachment",
    "file_methods": [
        "__construct",
        "getTypeRef",
        "setTypeRef",
        "getTitle",
        "setTitle",
        "getDescription",
        "setDescription",
        "getName",
        "setName",
        "getContentType",
        "setContentType",
        "getSize",
        "setSize",
        "getData",
        "setData",
        "getMetas",
        "setMetas",
        "getProperties",
        "setProperties",
        "getTags",
        "setTags",
        "getComments",
        "setComments",
        "getCreatorRef",
        "setCreatorRef",
        "getId",
        "setId",
        "getUID",
        "setUID",
        "getExternalId",
        "setExternalId",
        "getRemoved",
        "setRemoved",
        "getUpdated",
        "setUpdated",
        "getCreated",
        "setCreated"
    ],
    "file_properties": []
}
[2025-05-28 02:07:10] Traitement du fichier {
    "file_class": "ProgressionWebService\\TaskAttachment",
    "file_methods": [
        "__construct",
        "getTypeRef",
        "setTypeRef",
        "getTitle",
        "setTitle",
        "getDescription",
        "setDescription",
        "getName",
        "setName",
        "getContentType",
        "setContentType",
        "getSize",
        "setSize",
        "getData",
        "setData",
        "getMetas",
        "setMetas",
        "getProperties",
        "setProperties",
        "getTags",
        "setTags",
        "getComments",
        "setComments",
        "getCreatorRef",
        "setCreatorRef",
        "getId",
        "setId",
        "getUID",
        "setUID",
        "getExternalId",
        "setExternalId",
        "getRemoved",
        "setRemoved",
        "getUpdated",
        "setUpdated",
        "getCreated",
        "setCreated"
    ],
    "file_properties": []
}
[2025-05-28 02:07:10] Traitement du fichier {
    "file_class": "ProgressionWebService\\TaskAttachment",
    "file_methods": [
        "__construct",
        "getTypeRef",
        "setTypeRef",
        "getTitle",
        "setTitle",
        "getDescription",
        "setDescription",
        "getName",
        "setName",
        "getContentType",
        "setContentType",
        "getSize",
        "setSize",
        "getData",
        "setData",
        "getMetas",
        "setMetas",
        "getProperties",
        "setProperties",
        "getTags",
        "setTags",
        "getComments",
        "setComments",
        "getCreatorRef",
        "setCreatorRef",
        "getId",
        "setId",
        "getUID",
        "setUID",
        "getExternalId",
        "setExternalId",
        "getRemoved",
        "setRemoved",
        "getUpdated",
        "setUpdated",
        "getCreated",
        "setCreated"
    ],
    "file_properties": []
}
[2025-05-28 02:07:10] Traitement du fichier {
    "file_class": "ProgressionWebService\\TaskAttachment",
    "file_methods": [
        "__construct",
        "getTypeRef",
        "setTypeRef",
        "getTitle",
        "setTitle",
        "getDescription",
        "setDescription",
        "getName",
        "setName",
        "getContentType",
        "setContentType",
        "getSize",
        "setSize",
        "getData",
        "setData",
        "getMetas",
        "setMetas",
        "getProperties",
        "setProperties",
        "getTags",
        "setTags",
        "getComments",
        "setComments",
        "getCreatorRef",
        "setCreatorRef",
        "getId",
        "setId",
        "getUID",
        "setUID",
        "getExternalId",
        "setExternalId",
        "getRemoved",
        "setRemoved",
        "getUpdated",
        "setUpdated",
        "getCreated",
        "setCreated"
    ],
    "file_properties": []
}
[2025-05-28 02:07:10] Traitement du fichier {
    "file_class": "ProgressionWebService\\TaskAttachment",
    "file_methods": [
        "__construct",
        "getTypeRef",
        "setTypeRef",
        "getTitle",
        "setTitle",
        "getDescription",
        "setDescription",
        "getName",
        "setName",
        "getContentType",
        "setContentType",
        "getSize",
        "setSize",
        "getData",
        "setData",
        "getMetas",
        "setMetas",
        "getProperties",
        "setProperties",
        "getTags",
        "setTags",
        "getComments",
        "setComments",
        "getCreatorRef",
        "setCreatorRef",
        "getId",
        "setId",
        "getUID",
        "setUID",
        "getExternalId",
        "setExternalId",
        "getRemoved",
        "setRemoved",
        "getUpdated",
        "setUpdated",
        "getCreated",
        "setCreated"
    ],
    "file_properties": []
}
[2025-05-28 02:07:10] Traitement du fichier {
    "file_class": "ProgressionWebService\\TaskAttachment",
    "file_methods": [
        "__construct",
        "getTypeRef",
        "setTypeRef",
        "getTitle",
        "setTitle",
        "getDescription",
        "setDescription",
        "getName",
        "setName",
        "getContentType",
        "setContentType",
        "getSize",
        "setSize",
        "getData",
        "setData",
        "getMetas",
        "setMetas",
        "getProperties",
        "setProperties",
        "getTags",
        "setTags",
        "getComments",
        "setComments",
        "getCreatorRef",
        "setCreatorRef",
        "getId",
        "setId",
        "getUID",
        "setUID",
        "getExternalId",
        "setExternalId",
        "getRemoved",
        "setRemoved",
        "getUpdated",
        "setUpdated",
        "getCreated",
        "setCreated"
    ],
    "file_properties": []
}
[2025-05-28 02:07:10] Traitement du fichier {
    "file_class": "ProgressionWebService\\TaskAttachment",
    "file_methods": [
        "__construct",
        "getTypeRef",
        "setTypeRef",
        "getTitle",
        "setTitle",
        "getDescription",
        "setDescription",
        "getName",
        "setName",
        "getContentType",
        "setContentType",
        "getSize",
        "setSize",
        "getData",
        "setData",
        "getMetas",
        "setMetas",
        "getProperties",
        "setProperties",
        "getTags",
        "setTags",
        "getComments",
        "setComments",
        "getCreatorRef",
        "setCreatorRef",
        "getId",
        "setId",
        "getUID",
        "setUID",
        "getExternalId",
        "setExternalId",
        "getRemoved",
        "setRemoved",
        "getUpdated",
        "setUpdated",
        "getCreated",
        "setCreated"
    ],
    "file_properties": []
}
[2025-05-28 02:07:10] Résultat final de la recherche de pièces jointes {
    "count": 7,
    "attachments": [
        {
            "id": 30407,
            "name": "SOU011485.pdf",
            "size": 16367,
            "isTargetFile": false
        },
        {
            "id": 30432,
            "name": "EMPL_EXT.jpg",
            "size": 452549,
            "isTargetFile": false
        },
        {
            "id": 30433,
            "name": "EMPL_INT.jpg",
            "size": 284502,
            "isTargetFile": false
        },
        {
            "id": 30434,
            "name": "ESPACE_INT.jpg",
            "size": 149939,
            "isTargetFile": false
        },
        {
            "id": 30435,
            "name": "EXEMPLE_EXT.png",
            "size": 236941,
            "isTargetFile": false
        },
        {
            "id": 30436,
            "name": "PANNEAU.jpg",
            "size": 330636,
            "isTargetFile": false
        },
        {
            "id": 30440,
            "name": "PLAN.pdf",
            "size": 330364,
            "isTargetFile": false
        }
    ]
}
[2025-05-28 02:07:10] Réponse finale {
    "files_count": 7
}
[2025-05-28 02:07:20] Utilisation des données réelles de ProgressionLive []
[2025-05-28 02:07:20] Démarrage de la requête pour l'installation {
    "ins": "INS011658"
}
[2025-05-28 02:07:20] Configuration chargée []
[2025-05-28 02:07:20] URLs du service {
    "baseUrl": "https:\/\/garychartrand.progressionlive.com",
    "serviceUrl": "https:\/\/garychartrand.progressionlive.com\/server\/ws\/v2\/ProgressionWebService"
}
[2025-05-28 02:07:20] Création du service SOAP []
[2025-05-28 02:07:21] Service SOAP créé []
[2025-05-28 02:07:21] Informations d'identification créées {
    "username": "pierre@garychartrand.com"
}
[2025-05-28 02:07:21] Tentative de connexion []
[2025-05-28 02:07:21] Connexion réussie []
[2025-05-28 02:07:21] Recherche de la tâche {
    "installation": "INS011658"
}
[2025-05-28 02:07:21] Envoi de la requête SearchRecords []
[2025-05-28 02:07:21] Réponse de SearchRecords reçue []
[2025-05-28 02:07:21] Tâche trouvée {
    "task_id": 11658
}
[2025-05-28 02:07:21] Recherche des pièces jointes []
[2025-05-28 02:07:21] Envoi de la requête pour les pièces jointes {
    "task_id": 11658,
    "request": {
        "parentId": 11658,
        "recordType": "TASK_ATTACHMENT",
        "query": "parent.id = :parentId"
    }
}
[2025-05-28 02:07:21] Réponse reçue pour les pièces jointes {
    "has_records": true,
    "response_type": "object"
}
[2025-05-28 02:07:21] Structure de la réponse {
    "methods": [
        "__construct",
        "getRecords",
        "setRecords"
    ],
    "properties": []
}
[2025-05-28 02:07:21] Analyse de la réponse pour les pièces jointes {
    "reponse_null": false,
    "has_getRecords_method": true,
    "response_class": "ProgressionWebService\\SearchRecordsResponse"
}
[2025-05-28 02:07:21] Records obtenus {
    "records_null": false
}
[2025-05-28 02:07:21] Pièces jointes trouvées via getRecord() {
    "count": 7
}
[2025-05-28 02:07:21] Traitement du fichier {
    "file_class": "ProgressionWebService\\TaskAttachment",
    "file_methods": [
        "__construct",
        "getTypeRef",
        "setTypeRef",
        "getTitle",
        "setTitle",
        "getDescription",
        "setDescription",
        "getName",
        "setName",
        "getContentType",
        "setContentType",
        "getSize",
        "setSize",
        "getData",
        "setData",
        "getMetas",
        "setMetas",
        "getProperties",
        "setProperties",
        "getTags",
        "setTags",
        "getComments",
        "setComments",
        "getCreatorRef",
        "setCreatorRef",
        "getId",
        "setId",
        "getUID",
        "setUID",
        "getExternalId",
        "setExternalId",
        "getRemoved",
        "setRemoved",
        "getUpdated",
        "setUpdated",
        "getCreated",
        "setCreated"
    ],
    "file_properties": []
}
[2025-05-28 02:07:21] Traitement du fichier {
    "file_class": "ProgressionWebService\\TaskAttachment",
    "file_methods": [
        "__construct",
        "getTypeRef",
        "setTypeRef",
        "getTitle",
        "setTitle",
        "getDescription",
        "setDescription",
        "getName",
        "setName",
        "getContentType",
        "setContentType",
        "getSize",
        "setSize",
        "getData",
        "setData",
        "getMetas",
        "setMetas",
        "getProperties",
        "setProperties",
        "getTags",
        "setTags",
        "getComments",
        "setComments",
        "getCreatorRef",
        "setCreatorRef",
        "getId",
        "setId",
        "getUID",
        "setUID",
        "getExternalId",
        "setExternalId",
        "getRemoved",
        "setRemoved",
        "getUpdated",
        "setUpdated",
        "getCreated",
        "setCreated"
    ],
    "file_properties": []
}
[2025-05-28 02:07:21] Traitement du fichier {
    "file_class": "ProgressionWebService\\TaskAttachment",
    "file_methods": [
        "__construct",
        "getTypeRef",
        "setTypeRef",
        "getTitle",
        "setTitle",
        "getDescription",
        "setDescription",
        "getName",
        "setName",
        "getContentType",
        "setContentType",
        "getSize",
        "setSize",
        "getData",
        "setData",
        "getMetas",
        "setMetas",
        "getProperties",
        "setProperties",
        "getTags",
        "setTags",
        "getComments",
        "setComments",
        "getCreatorRef",
        "setCreatorRef",
        "getId",
        "setId",
        "getUID",
        "setUID",
        "getExternalId",
        "setExternalId",
        "getRemoved",
        "setRemoved",
        "getUpdated",
        "setUpdated",
        "getCreated",
        "setCreated"
    ],
    "file_properties": []
}
[2025-05-28 02:07:21] Traitement du fichier {
    "file_class": "ProgressionWebService\\TaskAttachment",
    "file_methods": [
        "__construct",
        "getTypeRef",
        "setTypeRef",
        "getTitle",
        "setTitle",
        "getDescription",
        "setDescription",
        "getName",
        "setName",
        "getContentType",
        "setContentType",
        "getSize",
        "setSize",
        "getData",
        "setData",
        "getMetas",
        "setMetas",
        "getProperties",
        "setProperties",
        "getTags",
        "setTags",
        "getComments",
        "setComments",
        "getCreatorRef",
        "setCreatorRef",
        "getId",
        "setId",
        "getUID",
        "setUID",
        "getExternalId",
        "setExternalId",
        "getRemoved",
        "setRemoved",
        "getUpdated",
        "setUpdated",
        "getCreated",
        "setCreated"
    ],
    "file_properties": []
}
[2025-05-28 02:07:21] Traitement du fichier {
    "file_class": "ProgressionWebService\\TaskAttachment",
    "file_methods": [
        "__construct",
        "getTypeRef",
        "setTypeRef",
        "getTitle",
        "setTitle",
        "getDescription",
        "setDescription",
        "getName",
        "setName",
        "getContentType",
        "setContentType",
        "getSize",
        "setSize",
        "getData",
        "setData",
        "getMetas",
        "setMetas",
        "getProperties",
        "setProperties",
        "getTags",
        "setTags",
        "getComments",
        "setComments",
        "getCreatorRef",
        "setCreatorRef",
        "getId",
        "setId",
        "getUID",
        "setUID",
        "getExternalId",
        "setExternalId",
        "getRemoved",
        "setRemoved",
        "getUpdated",
        "setUpdated",
        "getCreated",
        "setCreated"
    ],
    "file_properties": []
}
[2025-05-28 02:07:21] Traitement du fichier {
    "file_class": "ProgressionWebService\\TaskAttachment",
    "file_methods": [
        "__construct",
        "getTypeRef",
        "setTypeRef",
        "getTitle",
        "setTitle",
        "getDescription",
        "setDescription",
        "getName",
        "setName",
        "getContentType",
        "setContentType",
        "getSize",
        "setSize",
        "getData",
        "setData",
        "getMetas",
        "setMetas",
        "getProperties",
        "setProperties",
        "getTags",
        "setTags",
        "getComments",
        "setComments",
        "getCreatorRef",
        "setCreatorRef",
        "getId",
        "setId",
        "getUID",
        "setUID",
        "getExternalId",
        "setExternalId",
        "getRemoved",
        "setRemoved",
        "getUpdated",
        "setUpdated",
        "getCreated",
        "setCreated"
    ],
    "file_properties": []
}
[2025-05-28 02:07:21] Traitement du fichier {
    "file_class": "ProgressionWebService\\TaskAttachment",
    "file_methods": [
        "__construct",
        "getTypeRef",
        "setTypeRef",
        "getTitle",
        "setTitle",
        "getDescription",
        "setDescription",
        "getName",
        "setName",
        "getContentType",
        "setContentType",
        "getSize",
        "setSize",
        "getData",
        "setData",
        "getMetas",
        "setMetas",
        "getProperties",
        "setProperties",
        "getTags",
        "setTags",
        "getComments",
        "setComments",
        "getCreatorRef",
        "setCreatorRef",
        "getId",
        "setId",
        "getUID",
        "setUID",
        "getExternalId",
        "setExternalId",
        "getRemoved",
        "setRemoved",
        "getUpdated",
        "setUpdated",
        "getCreated",
        "setCreated"
    ],
    "file_properties": []
}
[2025-05-28 02:07:21] Résultat final de la recherche de pièces jointes {
    "count": 7,
    "attachments": [
        {
            "id": 30407,
            "name": "SOU011485.pdf",
            "size": 16367,
            "isTargetFile": false
        },
        {
            "id": 30432,
            "name": "EMPL_EXT.jpg",
            "size": 452549,
            "isTargetFile": false
        },
        {
            "id": 30433,
            "name": "EMPL_INT.jpg",
            "size": 284502,
            "isTargetFile": false
        },
        {
            "id": 30434,
            "name": "ESPACE_INT.jpg",
            "size": 149939,
            "isTargetFile": false
        },
        {
            "id": 30435,
            "name": "EXEMPLE_EXT.png",
            "size": 236941,
            "isTargetFile": false
        },
        {
            "id": 30436,
            "name": "PANNEAU.jpg",
            "size": 330636,
            "isTargetFile": false
        },
        {
            "id": 30440,
            "name": "PLAN.pdf",
            "size": 330364,
            "isTargetFile": false
        }
    ]
}
[2025-05-28 02:07:21] Réponse finale {
    "files_count": 7
}
[2025-05-28 02:09:15] Utilisation des données réelles de ProgressionLive []
[2025-05-28 02:09:15] Démarrage de la requête pour l'installation {
    "ins": "INS011658"
}
[2025-05-28 02:09:15] Configuration chargée []
[2025-05-28 02:09:15] URLs du service {
    "baseUrl": "https:\/\/garychartrand.progressionlive.com",
    "serviceUrl": "https:\/\/garychartrand.progressionlive.com\/server\/ws\/v2\/ProgressionWebService"
}
[2025-05-28 02:09:15] Création du service SOAP []
[2025-05-28 02:09:16] Service SOAP créé []
[2025-05-28 02:09:16] Informations d'identification créées {
    "username": "pierre@garychartrand.com"
}
[2025-05-28 02:09:16] Tentative de connexion []
[2025-05-28 02:09:16] Connexion réussie []
[2025-05-28 02:09:16] Recherche de la tâche {
    "installation": "INS011658"
}
[2025-05-28 02:09:16] Envoi de la requête SearchRecords []
[2025-05-28 02:09:16] Réponse de SearchRecords reçue []
[2025-05-28 02:09:16] Tâche trouvée {
    "task_id": 11658
}
[2025-05-28 02:09:16] Recherche des pièces jointes []
[2025-05-28 02:09:16] Envoi de la requête pour les pièces jointes {
    "task_id": 11658,
    "request": {
        "parentId": 11658,
        "recordType": "TASK_ATTACHMENT",
        "query": "parent.id = :parentId"
    }
}
[2025-05-28 02:09:17] Réponse reçue pour les pièces jointes {
    "has_records": true,
    "response_type": "object"
}
[2025-05-28 02:09:17] Structure de la réponse {
    "methods": [
        "__construct",
        "getRecords",
        "setRecords"
    ],
    "properties": []
}
[2025-05-28 02:09:17] Analyse de la réponse pour les pièces jointes {
    "reponse_null": false,
    "has_getRecords_method": true,
    "response_class": "ProgressionWebService\\SearchRecordsResponse"
}
[2025-05-28 02:09:17] Records obtenus {
    "records_null": false
}
[2025-05-28 02:09:17] Pièces jointes trouvées via getRecord() {
    "count": 7
}
[2025-05-28 02:09:17] Traitement du fichier {
    "file_class": "ProgressionWebService\\TaskAttachment",
    "file_methods": [
        "__construct",
        "getTypeRef",
        "setTypeRef",
        "getTitle",
        "setTitle",
        "getDescription",
        "setDescription",
        "getName",
        "setName",
        "getContentType",
        "setContentType",
        "getSize",
        "setSize",
        "getData",
        "setData",
        "getMetas",
        "setMetas",
        "getProperties",
        "setProperties",
        "getTags",
        "setTags",
        "getComments",
        "setComments",
        "getCreatorRef",
        "setCreatorRef",
        "getId",
        "setId",
        "getUID",
        "setUID",
        "getExternalId",
        "setExternalId",
        "getRemoved",
        "setRemoved",
        "getUpdated",
        "setUpdated",
        "getCreated",
        "setCreated"
    ],
    "file_properties": []
}
[2025-05-28 02:09:17] Traitement du fichier {
    "file_class": "ProgressionWebService\\TaskAttachment",
    "file_methods": [
        "__construct",
        "getTypeRef",
        "setTypeRef",
        "getTitle",
        "setTitle",
        "getDescription",
        "setDescription",
        "getName",
        "setName",
        "getContentType",
        "setContentType",
        "getSize",
        "setSize",
        "getData",
        "setData",
        "getMetas",
        "setMetas",
        "getProperties",
        "setProperties",
        "getTags",
        "setTags",
        "getComments",
        "setComments",
        "getCreatorRef",
        "setCreatorRef",
        "getId",
        "setId",
        "getUID",
        "setUID",
        "getExternalId",
        "setExternalId",
        "getRemoved",
        "setRemoved",
        "getUpdated",
        "setUpdated",
        "getCreated",
        "setCreated"
    ],
    "file_properties": []
}
[2025-05-28 02:09:17] Traitement du fichier {
    "file_class": "ProgressionWebService\\TaskAttachment",
    "file_methods": [
        "__construct",
        "getTypeRef",
        "setTypeRef",
        "getTitle",
        "setTitle",
        "getDescription",
        "setDescription",
        "getName",
        "setName",
        "getContentType",
        "setContentType",
        "getSize",
        "setSize",
        "getData",
        "setData",
        "getMetas",
        "setMetas",
        "getProperties",
        "setProperties",
        "getTags",
        "setTags",
        "getComments",
        "setComments",
        "getCreatorRef",
        "setCreatorRef",
        "getId",
        "setId",
        "getUID",
        "setUID",
        "getExternalId",
        "setExternalId",
        "getRemoved",
        "setRemoved",
        "getUpdated",
        "setUpdated",
        "getCreated",
        "setCreated"
    ],
    "file_properties": []
}
[2025-05-28 02:09:17] Traitement du fichier {
    "file_class": "ProgressionWebService\\TaskAttachment",
    "file_methods": [
        "__construct",
        "getTypeRef",
        "setTypeRef",
        "getTitle",
        "setTitle",
        "getDescription",
        "setDescription",
        "getName",
        "setName",
        "getContentType",
        "setContentType",
        "getSize",
        "setSize",
        "getData",
        "setData",
        "getMetas",
        "setMetas",
        "getProperties",
        "setProperties",
        "getTags",
        "setTags",
        "getComments",
        "setComments",
        "getCreatorRef",
        "setCreatorRef",
        "getId",
        "setId",
        "getUID",
        "setUID",
        "getExternalId",
        "setExternalId",
        "getRemoved",
        "setRemoved",
        "getUpdated",
        "setUpdated",
        "getCreated",
        "setCreated"
    ],
    "file_properties": []
}
[2025-05-28 02:09:17] Traitement du fichier {
    "file_class": "ProgressionWebService\\TaskAttachment",
    "file_methods": [
        "__construct",
        "getTypeRef",
        "setTypeRef",
        "getTitle",
        "setTitle",
        "getDescription",
        "setDescription",
        "getName",
        "setName",
        "getContentType",
        "setContentType",
        "getSize",
        "setSize",
        "getData",
        "setData",
        "getMetas",
        "setMetas",
        "getProperties",
        "setProperties",
        "getTags",
        "setTags",
        "getComments",
        "setComments",
        "getCreatorRef",
        "setCreatorRef",
        "getId",
        "setId",
        "getUID",
        "setUID",
        "getExternalId",
        "setExternalId",
        "getRemoved",
        "setRemoved",
        "getUpdated",
        "setUpdated",
        "getCreated",
        "setCreated"
    ],
    "file_properties": []
}
[2025-05-28 02:09:17] Traitement du fichier {
    "file_class": "ProgressionWebService\\TaskAttachment",
    "file_methods": [
        "__construct",
        "getTypeRef",
        "setTypeRef",
        "getTitle",
        "setTitle",
        "getDescription",
        "setDescription",
        "getName",
        "setName",
        "getContentType",
        "setContentType",
        "getSize",
        "setSize",
        "getData",
        "setData",
        "getMetas",
        "setMetas",
        "getProperties",
        "setProperties",
        "getTags",
        "setTags",
        "getComments",
        "setComments",
        "getCreatorRef",
        "setCreatorRef",
        "getId",
        "setId",
        "getUID",
        "setUID",
        "getExternalId",
        "setExternalId",
        "getRemoved",
        "setRemoved",
        "getUpdated",
        "setUpdated",
        "getCreated",
        "setCreated"
    ],
    "file_properties": []
}
[2025-05-28 02:09:17] Traitement du fichier {
    "file_class": "ProgressionWebService\\TaskAttachment",
    "file_methods": [
        "__construct",
        "getTypeRef",
        "setTypeRef",
        "getTitle",
        "setTitle",
        "getDescription",
        "setDescription",
        "getName",
        "setName",
        "getContentType",
        "setContentType",
        "getSize",
        "setSize",
        "getData",
        "setData",
        "getMetas",
        "setMetas",
        "getProperties",
        "setProperties",
        "getTags",
        "setTags",
        "getComments",
        "setComments",
        "getCreatorRef",
        "setCreatorRef",
        "getId",
        "setId",
        "getUID",
        "setUID",
        "getExternalId",
        "setExternalId",
        "getRemoved",
        "setRemoved",
        "getUpdated",
        "setUpdated",
        "getCreated",
        "setCreated"
    ],
    "file_properties": []
}
[2025-05-28 02:09:17] Résultat final de la recherche de pièces jointes {
    "count": 7,
    "attachments": [
        {
            "id": 30407,
            "name": "SOU011485.pdf",
            "size": 16367,
            "isTargetFile": false
        },
        {
            "id": 30432,
            "name": "EMPL_EXT.jpg",
            "size": 452549,
            "isTargetFile": false
        },
        {
            "id": 30433,
            "name": "EMPL_INT.jpg",
            "size": 284502,
            "isTargetFile": false
        },
        {
            "id": 30434,
            "name": "ESPACE_INT.jpg",
            "size": 149939,
            "isTargetFile": false
        },
        {
            "id": 30435,
            "name": "EXEMPLE_EXT.png",
            "size": 236941,
            "isTargetFile": false
        },
        {
            "id": 30436,
            "name": "PANNEAU.jpg",
            "size": 330636,
            "isTargetFile": false
        },
        {
            "id": 30440,
            "name": "PLAN.pdf",
            "size": 330364,
            "isTargetFile": false
        }
    ]
}
[2025-05-28 02:09:17] Réponse finale {
    "files_count": 7
}
[2025-05-28 02:09:18] Utilisation des données réelles de ProgressionLive []
[2025-05-28 02:09:18] Démarrage de la requête pour l'installation {
    "ins": "INS011658"
}
[2025-05-28 02:09:18] Configuration chargée []
[2025-05-28 02:09:18] URLs du service {
    "baseUrl": "https:\/\/garychartrand.progressionlive.com",
    "serviceUrl": "https:\/\/garychartrand.progressionlive.com\/server\/ws\/v2\/ProgressionWebService"
}
[2025-05-28 02:09:18] Création du service SOAP []
[2025-05-28 02:09:18] Service SOAP créé []
[2025-05-28 02:09:18] Informations d'identification créées {
    "username": "pierre@garychartrand.com"
}
[2025-05-28 02:09:18] Tentative de connexion []
[2025-05-28 02:09:18] Connexion réussie []
[2025-05-28 02:09:18] Recherche de la tâche {
    "installation": "INS011658"
}
[2025-05-28 02:09:18] Envoi de la requête SearchRecords []
[2025-05-28 02:09:18] Réponse de SearchRecords reçue []
[2025-05-28 02:09:18] Tâche trouvée {
    "task_id": 11658
}
[2025-05-28 02:09:18] Recherche des pièces jointes []
[2025-05-28 02:09:18] Envoi de la requête pour les pièces jointes {
    "task_id": 11658,
    "request": {
        "parentId": 11658,
        "recordType": "TASK_ATTACHMENT",
        "query": "parent.id = :parentId"
    }
}
[2025-05-28 02:09:19] Réponse reçue pour les pièces jointes {
    "has_records": true,
    "response_type": "object"
}
[2025-05-28 02:09:19] Structure de la réponse {
    "methods": [
        "__construct",
        "getRecords",
        "setRecords"
    ],
    "properties": []
}
[2025-05-28 02:09:19] Analyse de la réponse pour les pièces jointes {
    "reponse_null": false,
    "has_getRecords_method": true,
    "response_class": "ProgressionWebService\\SearchRecordsResponse"
}
[2025-05-28 02:09:19] Records obtenus {
    "records_null": false
}
[2025-05-28 02:09:19] Pièces jointes trouvées via getRecord() {
    "count": 7
}
[2025-05-28 02:09:19] Traitement du fichier {
    "file_class": "ProgressionWebService\\TaskAttachment",
    "file_methods": [
        "__construct",
        "getTypeRef",
        "setTypeRef",
        "getTitle",
        "setTitle",
        "getDescription",
        "setDescription",
        "getName",
        "setName",
        "getContentType",
        "setContentType",
        "getSize",
        "setSize",
        "getData",
        "setData",
        "getMetas",
        "setMetas",
        "getProperties",
        "setProperties",
        "getTags",
        "setTags",
        "getComments",
        "setComments",
        "getCreatorRef",
        "setCreatorRef",
        "getId",
        "setId",
        "getUID",
        "setUID",
        "getExternalId",
        "setExternalId",
        "getRemoved",
        "setRemoved",
        "getUpdated",
        "setUpdated",
        "getCreated",
        "setCreated"
    ],
    "file_properties": []
}
[2025-05-28 02:09:19] Traitement du fichier {
    "file_class": "ProgressionWebService\\TaskAttachment",
    "file_methods": [
        "__construct",
        "getTypeRef",
        "setTypeRef",
        "getTitle",
        "setTitle",
        "getDescription",
        "setDescription",
        "getName",
        "setName",
        "getContentType",
        "setContentType",
        "getSize",
        "setSize",
        "getData",
        "setData",
        "getMetas",
        "setMetas",
        "getProperties",
        "setProperties",
        "getTags",
        "setTags",
        "getComments",
        "setComments",
        "getCreatorRef",
        "setCreatorRef",
        "getId",
        "setId",
        "getUID",
        "setUID",
        "getExternalId",
        "setExternalId",
        "getRemoved",
        "setRemoved",
        "getUpdated",
        "setUpdated",
        "getCreated",
        "setCreated"
    ],
    "file_properties": []
}
[2025-05-28 02:09:19] Traitement du fichier {
    "file_class": "ProgressionWebService\\TaskAttachment",
    "file_methods": [
        "__construct",
        "getTypeRef",
        "setTypeRef",
        "getTitle",
        "setTitle",
        "getDescription",
        "setDescription",
        "getName",
        "setName",
        "getContentType",
        "setContentType",
        "getSize",
        "setSize",
        "getData",
        "setData",
        "getMetas",
        "setMetas",
        "getProperties",
        "setProperties",
        "getTags",
        "setTags",
        "getComments",
        "setComments",
        "getCreatorRef",
        "setCreatorRef",
        "getId",
        "setId",
        "getUID",
        "setUID",
        "getExternalId",
        "setExternalId",
        "getRemoved",
        "setRemoved",
        "getUpdated",
        "setUpdated",
        "getCreated",
        "setCreated"
    ],
    "file_properties": []
}
[2025-05-28 02:09:19] Traitement du fichier {
    "file_class": "ProgressionWebService\\TaskAttachment",
    "file_methods": [
        "__construct",
        "getTypeRef",
        "setTypeRef",
        "getTitle",
        "setTitle",
        "getDescription",
        "setDescription",
        "getName",
        "setName",
        "getContentType",
        "setContentType",
        "getSize",
        "setSize",
        "getData",
        "setData",
        "getMetas",
        "setMetas",
        "getProperties",
        "setProperties",
        "getTags",
        "setTags",
        "getComments",
        "setComments",
        "getCreatorRef",
        "setCreatorRef",
        "getId",
        "setId",
        "getUID",
        "setUID",
        "getExternalId",
        "setExternalId",
        "getRemoved",
        "setRemoved",
        "getUpdated",
        "setUpdated",
        "getCreated",
        "setCreated"
    ],
    "file_properties": []
}
[2025-05-28 02:09:19] Traitement du fichier {
    "file_class": "ProgressionWebService\\TaskAttachment",
    "file_methods": [
        "__construct",
        "getTypeRef",
        "setTypeRef",
        "getTitle",
        "setTitle",
        "getDescription",
        "setDescription",
        "getName",
        "setName",
        "getContentType",
        "setContentType",
        "getSize",
        "setSize",
        "getData",
        "setData",
        "getMetas",
        "setMetas",
        "getProperties",
        "setProperties",
        "getTags",
        "setTags",
        "getComments",
        "setComments",
        "getCreatorRef",
        "setCreatorRef",
        "getId",
        "setId",
        "getUID",
        "setUID",
        "getExternalId",
        "setExternalId",
        "getRemoved",
        "setRemoved",
        "getUpdated",
        "setUpdated",
        "getCreated",
        "setCreated"
    ],
    "file_properties": []
}
[2025-05-28 02:09:19] Traitement du fichier {
    "file_class": "ProgressionWebService\\TaskAttachment",
    "file_methods": [
        "__construct",
        "getTypeRef",
        "setTypeRef",
        "getTitle",
        "setTitle",
        "getDescription",
        "setDescription",
        "getName",
        "setName",
        "getContentType",
        "setContentType",
        "getSize",
        "setSize",
        "getData",
        "setData",
        "getMetas",
        "setMetas",
        "getProperties",
        "setProperties",
        "getTags",
        "setTags",
        "getComments",
        "setComments",
        "getCreatorRef",
        "setCreatorRef",
        "getId",
        "setId",
        "getUID",
        "setUID",
        "getExternalId",
        "setExternalId",
        "getRemoved",
        "setRemoved",
        "getUpdated",
        "setUpdated",
        "getCreated",
        "setCreated"
    ],
    "file_properties": []
}
[2025-05-28 02:09:19] Traitement du fichier {
    "file_class": "ProgressionWebService\\TaskAttachment",
    "file_methods": [
        "__construct",
        "getTypeRef",
        "setTypeRef",
        "getTitle",
        "setTitle",
        "getDescription",
        "setDescription",
        "getName",
        "setName",
        "getContentType",
        "setContentType",
        "getSize",
        "setSize",
        "getData",
        "setData",
        "getMetas",
        "setMetas",
        "getProperties",
        "setProperties",
        "getTags",
        "setTags",
        "getComments",
        "setComments",
        "getCreatorRef",
        "setCreatorRef",
        "getId",
        "setId",
        "getUID",
        "setUID",
        "getExternalId",
        "setExternalId",
        "getRemoved",
        "setRemoved",
        "getUpdated",
        "setUpdated",
        "getCreated",
        "setCreated"
    ],
    "file_properties": []
}
[2025-05-28 02:09:19] Résultat final de la recherche de pièces jointes {
    "count": 7,
    "attachments": [
        {
            "id": 30407,
            "name": "SOU011485.pdf",
            "size": 16367,
            "isTargetFile": false
        },
        {
            "id": 30432,
            "name": "EMPL_EXT.jpg",
            "size": 452549,
            "isTargetFile": false
        },
        {
            "id": 30433,
            "name": "EMPL_INT.jpg",
            "size": 284502,
            "isTargetFile": false
        },
        {
            "id": 30434,
            "name": "ESPACE_INT.jpg",
            "size": 149939,
            "isTargetFile": false
        },
        {
            "id": 30435,
            "name": "EXEMPLE_EXT.png",
            "size": 236941,
            "isTargetFile": false
        },
        {
            "id": 30436,
            "name": "PANNEAU.jpg",
            "size": 330636,
            "isTargetFile": false
        },
        {
            "id": 30440,
            "name": "PLAN.pdf",
            "size": 330364,
            "isTargetFile": false
        }
    ]
}
[2025-05-28 02:09:19] Réponse finale {
    "files_count": 7
}
[2025-05-28 02:09:20] Utilisation des données réelles de ProgressionLive []
[2025-05-28 02:09:20] Démarrage de la requête pour l'installation {
    "ins": "INS011658"
}
[2025-05-28 02:09:20] Configuration chargée []
[2025-05-28 02:09:20] URLs du service {
    "baseUrl": "https:\/\/garychartrand.progressionlive.com",
    "serviceUrl": "https:\/\/garychartrand.progressionlive.com\/server\/ws\/v2\/ProgressionWebService"
}
[2025-05-28 02:09:20] Création du service SOAP []
[2025-05-28 02:09:20] Service SOAP créé []
[2025-05-28 02:09:20] Informations d'identification créées {
    "username": "pierre@garychartrand.com"
}
[2025-05-28 02:09:20] Tentative de connexion []
[2025-05-28 02:09:20] Connexion réussie []
[2025-05-28 02:09:20] Recherche de la tâche {
    "installation": "INS011658"
}
[2025-05-28 02:09:20] Envoi de la requête SearchRecords []
[2025-05-28 02:09:20] Réponse de SearchRecords reçue []
[2025-05-28 02:09:20] Tâche trouvée {
    "task_id": 11658
}
[2025-05-28 02:09:20] Recherche des pièces jointes []
[2025-05-28 02:09:20] Envoi de la requête pour les pièces jointes {
    "task_id": 11658,
    "request": {
        "parentId": 11658,
        "recordType": "TASK_ATTACHMENT",
        "query": "parent.id = :parentId"
    }
}
[2025-05-28 02:09:21] Réponse reçue pour les pièces jointes {
    "has_records": true,
    "response_type": "object"
}
[2025-05-28 02:09:21] Structure de la réponse {
    "methods": [
        "__construct",
        "getRecords",
        "setRecords"
    ],
    "properties": []
}
[2025-05-28 02:09:21] Analyse de la réponse pour les pièces jointes {
    "reponse_null": false,
    "has_getRecords_method": true,
    "response_class": "ProgressionWebService\\SearchRecordsResponse"
}
[2025-05-28 02:09:21] Records obtenus {
    "records_null": false
}
[2025-05-28 02:09:21] Pièces jointes trouvées via getRecord() {
    "count": 7
}
[2025-05-28 02:09:21] Traitement du fichier {
    "file_class": "ProgressionWebService\\TaskAttachment",
    "file_methods": [
        "__construct",
        "getTypeRef",
        "setTypeRef",
        "getTitle",
        "setTitle",
        "getDescription",
        "setDescription",
        "getName",
        "setName",
        "getContentType",
        "setContentType",
        "getSize",
        "setSize",
        "getData",
        "setData",
        "getMetas",
        "setMetas",
        "getProperties",
        "setProperties",
        "getTags",
        "setTags",
        "getComments",
        "setComments",
        "getCreatorRef",
        "setCreatorRef",
        "getId",
        "setId",
        "getUID",
        "setUID",
        "getExternalId",
        "setExternalId",
        "getRemoved",
        "setRemoved",
        "getUpdated",
        "setUpdated",
        "getCreated",
        "setCreated"
    ],
    "file_properties": []
}
[2025-05-28 02:09:21] Traitement du fichier {
    "file_class": "ProgressionWebService\\TaskAttachment",
    "file_methods": [
        "__construct",
        "getTypeRef",
        "setTypeRef",
        "getTitle",
        "setTitle",
        "getDescription",
        "setDescription",
        "getName",
        "setName",
        "getContentType",
        "setContentType",
        "getSize",
        "setSize",
        "getData",
        "setData",
        "getMetas",
        "setMetas",
        "getProperties",
        "setProperties",
        "getTags",
        "setTags",
        "getComments",
        "setComments",
        "getCreatorRef",
        "setCreatorRef",
        "getId",
        "setId",
        "getUID",
        "setUID",
        "getExternalId",
        "setExternalId",
        "getRemoved",
        "setRemoved",
        "getUpdated",
        "setUpdated",
        "getCreated",
        "setCreated"
    ],
    "file_properties": []
}
[2025-05-28 02:09:21] Traitement du fichier {
    "file_class": "ProgressionWebService\\TaskAttachment",
    "file_methods": [
        "__construct",
        "getTypeRef",
        "setTypeRef",
        "getTitle",
        "setTitle",
        "getDescription",
        "setDescription",
        "getName",
        "setName",
        "getContentType",
        "setContentType",
        "getSize",
        "setSize",
        "getData",
        "setData",
        "getMetas",
        "setMetas",
        "getProperties",
        "setProperties",
        "getTags",
        "setTags",
        "getComments",
        "setComments",
        "getCreatorRef",
        "setCreatorRef",
        "getId",
        "setId",
        "getUID",
        "setUID",
        "getExternalId",
        "setExternalId",
        "getRemoved",
        "setRemoved",
        "getUpdated",
        "setUpdated",
        "getCreated",
        "setCreated"
    ],
    "file_properties": []
}
[2025-05-28 02:09:21] Traitement du fichier {
    "file_class": "ProgressionWebService\\TaskAttachment",
    "file_methods": [
        "__construct",
        "getTypeRef",
        "setTypeRef",
        "getTitle",
        "setTitle",
        "getDescription",
        "setDescription",
        "getName",
        "setName",
        "getContentType",
        "setContentType",
        "getSize",
        "setSize",
        "getData",
        "setData",
        "getMetas",
        "setMetas",
        "getProperties",
        "setProperties",
        "getTags",
        "setTags",
        "getComments",
        "setComments",
        "getCreatorRef",
        "setCreatorRef",
        "getId",
        "setId",
        "getUID",
        "setUID",
        "getExternalId",
        "setExternalId",
        "getRemoved",
        "setRemoved",
        "getUpdated",
        "setUpdated",
        "getCreated",
        "setCreated"
    ],
    "file_properties": []
}
[2025-05-28 02:09:21] Traitement du fichier {
    "file_class": "ProgressionWebService\\TaskAttachment",
    "file_methods": [
        "__construct",
        "getTypeRef",
        "setTypeRef",
        "getTitle",
        "setTitle",
        "getDescription",
        "setDescription",
        "getName",
        "setName",
        "getContentType",
        "setContentType",
        "getSize",
        "setSize",
        "getData",
        "setData",
        "getMetas",
        "setMetas",
        "getProperties",
        "setProperties",
        "getTags",
        "setTags",
        "getComments",
        "setComments",
        "getCreatorRef",
        "setCreatorRef",
        "getId",
        "setId",
        "getUID",
        "setUID",
        "getExternalId",
        "setExternalId",
        "getRemoved",
        "setRemoved",
        "getUpdated",
        "setUpdated",
        "getCreated",
        "setCreated"
    ],
    "file_properties": []
}
[2025-05-28 02:09:21] Traitement du fichier {
    "file_class": "ProgressionWebService\\TaskAttachment",
    "file_methods": [
        "__construct",
        "getTypeRef",
        "setTypeRef",
        "getTitle",
        "setTitle",
        "getDescription",
        "setDescription",
        "getName",
        "setName",
        "getContentType",
        "setContentType",
        "getSize",
        "setSize",
        "getData",
        "setData",
        "getMetas",
        "setMetas",
        "getProperties",
        "setProperties",
        "getTags",
        "setTags",
        "getComments",
        "setComments",
        "getCreatorRef",
        "setCreatorRef",
        "getId",
        "setId",
        "getUID",
        "setUID",
        "getExternalId",
        "setExternalId",
        "getRemoved",
        "setRemoved",
        "getUpdated",
        "setUpdated",
        "getCreated",
        "setCreated"
    ],
    "file_properties": []
}
[2025-05-28 02:09:21] Traitement du fichier {
    "file_class": "ProgressionWebService\\TaskAttachment",
    "file_methods": [
        "__construct",
        "getTypeRef",
        "setTypeRef",
        "getTitle",
        "setTitle",
        "getDescription",
        "setDescription",
        "getName",
        "setName",
        "getContentType",
        "setContentType",
        "getSize",
        "setSize",
        "getData",
        "setData",
        "getMetas",
        "setMetas",
        "getProperties",
        "setProperties",
        "getTags",
        "setTags",
        "getComments",
        "setComments",
        "getCreatorRef",
        "setCreatorRef",
        "getId",
        "setId",
        "getUID",
        "setUID",
        "getExternalId",
        "setExternalId",
        "getRemoved",
        "setRemoved",
        "getUpdated",
        "setUpdated",
        "getCreated",
        "setCreated"
    ],
    "file_properties": []
}
[2025-05-28 02:09:21] Résultat final de la recherche de pièces jointes {
    "count": 7,
    "attachments": [
        {
            "id": 30407,
            "name": "SOU011485.pdf",
            "size": 16367,
            "isTargetFile": false
        },
        {
            "id": 30432,
            "name": "EMPL_EXT.jpg",
            "size": 452549,
            "isTargetFile": false
        },
        {
            "id": 30433,
            "name": "EMPL_INT.jpg",
            "size": 284502,
            "isTargetFile": false
        },
        {
            "id": 30434,
            "name": "ESPACE_INT.jpg",
            "size": 149939,
            "isTargetFile": false
        },
        {
            "id": 30435,
            "name": "EXEMPLE_EXT.png",
            "size": 236941,
            "isTargetFile": false
        },
        {
            "id": 30436,
            "name": "PANNEAU.jpg",
            "size": 330636,
            "isTargetFile": false
        },
        {
            "id": 30440,
            "name": "PLAN.pdf",
            "size": 330364,
            "isTargetFile": false
        }
    ]
}
[2025-05-28 02:09:21] Réponse finale {
    "files_count": 7
}
[2025-05-28 02:09:51] Utilisation des données réelles de ProgressionLive []
[2025-05-28 02:09:51] Démarrage de la requête pour l'installation {
    "ins": "INS011803"
}
[2025-05-28 02:09:51] Configuration chargée []
[2025-05-28 02:09:51] URLs du service {
    "baseUrl": "https:\/\/garychartrand.progressionlive.com",
    "serviceUrl": "https:\/\/garychartrand.progressionlive.com\/server\/ws\/v2\/ProgressionWebService"
}
[2025-05-28 02:09:51] Création du service SOAP []
[2025-05-28 02:09:52] Service SOAP créé []
[2025-05-28 02:09:52] Informations d'identification créées {
    "username": "pierre@garychartrand.com"
}
[2025-05-28 02:09:52] Tentative de connexion []
[2025-05-28 02:09:52] Connexion réussie []
[2025-05-28 02:09:52] Recherche de la tâche {
    "installation": "INS011803"
}
[2025-05-28 02:09:52] Envoi de la requête SearchRecords []
[2025-05-28 02:09:52] Réponse de SearchRecords reçue []
[2025-05-28 02:09:52] Tâche trouvée {
    "task_id": 11803
}
[2025-05-28 02:09:52] Recherche des pièces jointes []
[2025-05-28 02:09:52] Envoi de la requête pour les pièces jointes {
    "task_id": 11803,
    "request": {
        "parentId": 11803,
        "recordType": "TASK_ATTACHMENT",
        "query": "parent.id = :parentId"
    }
}
[2025-05-28 02:09:53] Réponse reçue pour les pièces jointes {
    "has_records": true,
    "response_type": "object"
}
[2025-05-28 02:09:53] Structure de la réponse {
    "methods": [
        "__construct",
        "getRecords",
        "setRecords"
    ],
    "properties": []
}
[2025-05-28 02:09:53] Analyse de la réponse pour les pièces jointes {
    "reponse_null": false,
    "has_getRecords_method": true,
    "response_class": "ProgressionWebService\\SearchRecordsResponse"
}
[2025-05-28 02:09:53] Records obtenus {
    "records_null": false
}
[2025-05-28 02:09:53] Pièces jointes trouvées via getRecord() {
    "count": 6
}
[2025-05-28 02:09:53] Traitement du fichier {
    "file_class": "ProgressionWebService\\TaskAttachment",
    "file_methods": [
        "__construct",
        "getTypeRef",
        "setTypeRef",
        "getTitle",
        "setTitle",
        "getDescription",
        "setDescription",
        "getName",
        "setName",
        "getContentType",
        "setContentType",
        "getSize",
        "setSize",
        "getData",
        "setData",
        "getMetas",
        "setMetas",
        "getProperties",
        "setProperties",
        "getTags",
        "setTags",
        "getComments",
        "setComments",
        "getCreatorRef",
        "setCreatorRef",
        "getId",
        "setId",
        "getUID",
        "setUID",
        "getExternalId",
        "setExternalId",
        "getRemoved",
        "setRemoved",
        "getUpdated",
        "setUpdated",
        "getCreated",
        "setCreated"
    ],
    "file_properties": []
}
[2025-05-28 02:09:53] Traitement du fichier {
    "file_class": "ProgressionWebService\\TaskAttachment",
    "file_methods": [
        "__construct",
        "getTypeRef",
        "setTypeRef",
        "getTitle",
        "setTitle",
        "getDescription",
        "setDescription",
        "getName",
        "setName",
        "getContentType",
        "setContentType",
        "getSize",
        "setSize",
        "getData",
        "setData",
        "getMetas",
        "setMetas",
        "getProperties",
        "setProperties",
        "getTags",
        "setTags",
        "getComments",
        "setComments",
        "getCreatorRef",
        "setCreatorRef",
        "getId",
        "setId",
        "getUID",
        "setUID",
        "getExternalId",
        "setExternalId",
        "getRemoved",
        "setRemoved",
        "getUpdated",
        "setUpdated",
        "getCreated",
        "setCreated"
    ],
    "file_properties": []
}
[2025-05-28 02:09:53] Traitement du fichier {
    "file_class": "ProgressionWebService\\TaskAttachment",
    "file_methods": [
        "__construct",
        "getTypeRef",
        "setTypeRef",
        "getTitle",
        "setTitle",
        "getDescription",
        "setDescription",
        "getName",
        "setName",
        "getContentType",
        "setContentType",
        "getSize",
        "setSize",
        "getData",
        "setData",
        "getMetas",
        "setMetas",
        "getProperties",
        "setProperties",
        "getTags",
        "setTags",
        "getComments",
        "setComments",
        "getCreatorRef",
        "setCreatorRef",
        "getId",
        "setId",
        "getUID",
        "setUID",
        "getExternalId",
        "setExternalId",
        "getRemoved",
        "setRemoved",
        "getUpdated",
        "setUpdated",
        "getCreated",
        "setCreated"
    ],
    "file_properties": []
}
[2025-05-28 02:09:53] Traitement du fichier {
    "file_class": "ProgressionWebService\\TaskAttachment",
    "file_methods": [
        "__construct",
        "getTypeRef",
        "setTypeRef",
        "getTitle",
        "setTitle",
        "getDescription",
        "setDescription",
        "getName",
        "setName",
        "getContentType",
        "setContentType",
        "getSize",
        "setSize",
        "getData",
        "setData",
        "getMetas",
        "setMetas",
        "getProperties",
        "setProperties",
        "getTags",
        "setTags",
        "getComments",
        "setComments",
        "getCreatorRef",
        "setCreatorRef",
        "getId",
        "setId",
        "getUID",
        "setUID",
        "getExternalId",
        "setExternalId",
        "getRemoved",
        "setRemoved",
        "getUpdated",
        "setUpdated",
        "getCreated",
        "setCreated"
    ],
    "file_properties": []
}
[2025-05-28 02:09:53] Traitement du fichier {
    "file_class": "ProgressionWebService\\TaskAttachment",
    "file_methods": [
        "__construct",
        "getTypeRef",
        "setTypeRef",
        "getTitle",
        "setTitle",
        "getDescription",
        "setDescription",
        "getName",
        "setName",
        "getContentType",
        "setContentType",
        "getSize",
        "setSize",
        "getData",
        "setData",
        "getMetas",
        "setMetas",
        "getProperties",
        "setProperties",
        "getTags",
        "setTags",
        "getComments",
        "setComments",
        "getCreatorRef",
        "setCreatorRef",
        "getId",
        "setId",
        "getUID",
        "setUID",
        "getExternalId",
        "setExternalId",
        "getRemoved",
        "setRemoved",
        "getUpdated",
        "setUpdated",
        "getCreated",
        "setCreated"
    ],
    "file_properties": []
}
[2025-05-28 02:09:53] Traitement du fichier {
    "file_class": "ProgressionWebService\\TaskAttachment",
    "file_methods": [
        "__construct",
        "getTypeRef",
        "setTypeRef",
        "getTitle",
        "setTitle",
        "getDescription",
        "setDescription",
        "getName",
        "setName",
        "getContentType",
        "setContentType",
        "getSize",
        "setSize",
        "getData",
        "setData",
        "getMetas",
        "setMetas",
        "getProperties",
        "setProperties",
        "getTags",
        "setTags",
        "getComments",
        "setComments",
        "getCreatorRef",
        "setCreatorRef",
        "getId",
        "setId",
        "getUID",
        "setUID",
        "getExternalId",
        "setExternalId",
        "getRemoved",
        "setRemoved",
        "getUpdated",
        "setUpdated",
        "getCreated",
        "setCreated"
    ],
    "file_properties": []
}
[2025-05-28 02:09:53] Résultat final de la recherche de pièces jointes {
    "count": 6,
    "attachments": [
        {
            "id": 30786,
            "name": "SOU011787.pdf",
            "size": 16320,
            "isTargetFile": false
        },
        {
            "id": 30790,
            "name": "Quilico.jpg",
            "size": 399679,
            "isTargetFile": false
        },
        {
            "id": 31175,
            "name": "PANNEAU_DROIT.jpeg",
            "size": 59684,
            "isTargetFile": false
        },
        {
            "id": 31176,
            "name": "PANNEAU_GAUCHE.jpeg",
            "size": 41800,
            "isTargetFile": false
        },
        {
            "id": 31177,
            "name": "PANNEAU.jpeg",
            "size": 68419,
            "isTargetFile": false
        },
        {
            "id": 31178,
            "name": "PLAN.pdf",
            "size": 370398,
            "isTargetFile": false
        }
    ]
}
[2025-05-28 02:09:53] Réponse finale {
    "files_count": 6
}
[2025-05-28 02:10:13] Utilisation des données réelles de ProgressionLive []
[2025-05-28 02:10:13] Démarrage de la requête pour l'installation {
    "ins": "INS011658"
}
[2025-05-28 02:10:13] Configuration chargée []
[2025-05-28 02:10:13] URLs du service {
    "baseUrl": "https:\/\/garychartrand.progressionlive.com",
    "serviceUrl": "https:\/\/garychartrand.progressionlive.com\/server\/ws\/v2\/ProgressionWebService"
}
[2025-05-28 02:10:13] Création du service SOAP []
[2025-05-28 02:10:14] Service SOAP créé []
[2025-05-28 02:10:14] Informations d'identification créées {
    "username": "pierre@garychartrand.com"
}
[2025-05-28 02:10:14] Tentative de connexion []
[2025-05-28 02:10:14] Connexion réussie []
[2025-05-28 02:10:14] Recherche de la tâche {
    "installation": "INS011658"
}
[2025-05-28 02:10:14] Envoi de la requête SearchRecords []
[2025-05-28 02:10:14] Réponse de SearchRecords reçue []
[2025-05-28 02:10:14] Tâche trouvée {
    "task_id": 11658
}
[2025-05-28 02:10:14] Recherche des pièces jointes []
[2025-05-28 02:10:14] Envoi de la requête pour les pièces jointes {
    "task_id": 11658,
    "request": {
        "parentId": 11658,
        "recordType": "TASK_ATTACHMENT",
        "query": "parent.id = :parentId"
    }
}
[2025-05-28 02:10:15] Réponse reçue pour les pièces jointes {
    "has_records": true,
    "response_type": "object"
}
[2025-05-28 02:10:15] Structure de la réponse {
    "methods": [
        "__construct",
        "getRecords",
        "setRecords"
    ],
    "properties": []
}
[2025-05-28 02:10:15] Analyse de la réponse pour les pièces jointes {
    "reponse_null": false,
    "has_getRecords_method": true,
    "response_class": "ProgressionWebService\\SearchRecordsResponse"
}
[2025-05-28 02:10:15] Records obtenus {
    "records_null": false
}
[2025-05-28 02:10:15] Pièces jointes trouvées via getRecord() {
    "count": 7
}
[2025-05-28 02:10:15] Traitement du fichier {
    "file_class": "ProgressionWebService\\TaskAttachment",
    "file_methods": [
        "__construct",
        "getTypeRef",
        "setTypeRef",
        "getTitle",
        "setTitle",
        "getDescription",
        "setDescription",
        "getName",
        "setName",
        "getContentType",
        "setContentType",
        "getSize",
        "setSize",
        "getData",
        "setData",
        "getMetas",
        "setMetas",
        "getProperties",
        "setProperties",
        "getTags",
        "setTags",
        "getComments",
        "setComments",
        "getCreatorRef",
        "setCreatorRef",
        "getId",
        "setId",
        "getUID",
        "setUID",
        "getExternalId",
        "setExternalId",
        "getRemoved",
        "setRemoved",
        "getUpdated",
        "setUpdated",
        "getCreated",
        "setCreated"
    ],
    "file_properties": []
}
[2025-05-28 02:10:15] Traitement du fichier {
    "file_class": "ProgressionWebService\\TaskAttachment",
    "file_methods": [
        "__construct",
        "getTypeRef",
        "setTypeRef",
        "getTitle",
        "setTitle",
        "getDescription",
        "setDescription",
        "getName",
        "setName",
        "getContentType",
        "setContentType",
        "getSize",
        "setSize",
        "getData",
        "setData",
        "getMetas",
        "setMetas",
        "getProperties",
        "setProperties",
        "getTags",
        "setTags",
        "getComments",
        "setComments",
        "getCreatorRef",
        "setCreatorRef",
        "getId",
        "setId",
        "getUID",
        "setUID",
        "getExternalId",
        "setExternalId",
        "getRemoved",
        "setRemoved",
        "getUpdated",
        "setUpdated",
        "getCreated",
        "setCreated"
    ],
    "file_properties": []
}
[2025-05-28 02:10:15] Traitement du fichier {
    "file_class": "ProgressionWebService\\TaskAttachment",
    "file_methods": [
        "__construct",
        "getTypeRef",
        "setTypeRef",
        "getTitle",
        "setTitle",
        "getDescription",
        "setDescription",
        "getName",
        "setName",
        "getContentType",
        "setContentType",
        "getSize",
        "setSize",
        "getData",
        "setData",
        "getMetas",
        "setMetas",
        "getProperties",
        "setProperties",
        "getTags",
        "setTags",
        "getComments",
        "setComments",
        "getCreatorRef",
        "setCreatorRef",
        "getId",
        "setId",
        "getUID",
        "setUID",
        "getExternalId",
        "setExternalId",
        "getRemoved",
        "setRemoved",
        "getUpdated",
        "setUpdated",
        "getCreated",
        "setCreated"
    ],
    "file_properties": []
}
[2025-05-28 02:10:15] Traitement du fichier {
    "file_class": "ProgressionWebService\\TaskAttachment",
    "file_methods": [
        "__construct",
        "getTypeRef",
        "setTypeRef",
        "getTitle",
        "setTitle",
        "getDescription",
        "setDescription",
        "getName",
        "setName",
        "getContentType",
        "setContentType",
        "getSize",
        "setSize",
        "getData",
        "setData",
        "getMetas",
        "setMetas",
        "getProperties",
        "setProperties",
        "getTags",
        "setTags",
        "getComments",
        "setComments",
        "getCreatorRef",
        "setCreatorRef",
        "getId",
        "setId",
        "getUID",
        "setUID",
        "getExternalId",
        "setExternalId",
        "getRemoved",
        "setRemoved",
        "getUpdated",
        "setUpdated",
        "getCreated",
        "setCreated"
    ],
    "file_properties": []
}
[2025-05-28 02:10:15] Traitement du fichier {
    "file_class": "ProgressionWebService\\TaskAttachment",
    "file_methods": [
        "__construct",
        "getTypeRef",
        "setTypeRef",
        "getTitle",
        "setTitle",
        "getDescription",
        "setDescription",
        "getName",
        "setName",
        "getContentType",
        "setContentType",
        "getSize",
        "setSize",
        "getData",
        "setData",
        "getMetas",
        "setMetas",
        "getProperties",
        "setProperties",
        "getTags",
        "setTags",
        "getComments",
        "setComments",
        "getCreatorRef",
        "setCreatorRef",
        "getId",
        "setId",
        "getUID",
        "setUID",
        "getExternalId",
        "setExternalId",
        "getRemoved",
        "setRemoved",
        "getUpdated",
        "setUpdated",
        "getCreated",
        "setCreated"
    ],
    "file_properties": []
}
[2025-05-28 02:10:15] Traitement du fichier {
    "file_class": "ProgressionWebService\\TaskAttachment",
    "file_methods": [
        "__construct",
        "getTypeRef",
        "setTypeRef",
        "getTitle",
        "setTitle",
        "getDescription",
        "setDescription",
        "getName",
        "setName",
        "getContentType",
        "setContentType",
        "getSize",
        "setSize",
        "getData",
        "setData",
        "getMetas",
        "setMetas",
        "getProperties",
        "setProperties",
        "getTags",
        "setTags",
        "getComments",
        "setComments",
        "getCreatorRef",
        "setCreatorRef",
        "getId",
        "setId",
        "getUID",
        "setUID",
        "getExternalId",
        "setExternalId",
        "getRemoved",
        "setRemoved",
        "getUpdated",
        "setUpdated",
        "getCreated",
        "setCreated"
    ],
    "file_properties": []
}
[2025-05-28 02:10:15] Traitement du fichier {
    "file_class": "ProgressionWebService\\TaskAttachment",
    "file_methods": [
        "__construct",
        "getTypeRef",
        "setTypeRef",
        "getTitle",
        "setTitle",
        "getDescription",
        "setDescription",
        "getName",
        "setName",
        "getContentType",
        "setContentType",
        "getSize",
        "setSize",
        "getData",
        "setData",
        "getMetas",
        "setMetas",
        "getProperties",
        "setProperties",
        "getTags",
        "setTags",
        "getComments",
        "setComments",
        "getCreatorRef",
        "setCreatorRef",
        "getId",
        "setId",
        "getUID",
        "setUID",
        "getExternalId",
        "setExternalId",
        "getRemoved",
        "setRemoved",
        "getUpdated",
        "setUpdated",
        "getCreated",
        "setCreated"
    ],
    "file_properties": []
}
[2025-05-28 02:10:15] Résultat final de la recherche de pièces jointes {
    "count": 7,
    "attachments": [
        {
            "id": 30407,
            "name": "SOU011485.pdf",
            "size": 16367,
            "isTargetFile": false
        },
        {
            "id": 30432,
            "name": "EMPL_EXT.jpg",
            "size": 452549,
            "isTargetFile": false
        },
        {
            "id": 30433,
            "name": "EMPL_INT.jpg",
            "size": 284502,
            "isTargetFile": false
        },
        {
            "id": 30434,
            "name": "ESPACE_INT.jpg",
            "size": 149939,
            "isTargetFile": false
        },
        {
            "id": 30435,
            "name": "EXEMPLE_EXT.png",
            "size": 236941,
            "isTargetFile": false
        },
        {
            "id": 30436,
            "name": "PANNEAU.jpg",
            "size": 330636,
            "isTargetFile": false
        },
        {
            "id": 30440,
            "name": "PLAN.pdf",
            "size": 330364,
            "isTargetFile": false
        }
    ]
}
[2025-05-28 02:10:15] Réponse finale {
    "files_count": 7
}
[2025-05-28 02:11:12] Utilisation des données réelles de ProgressionLive []
[2025-05-28 02:11:12] Démarrage de la requête pour l'installation {
    "ins": "INS011658"
}
[2025-05-28 02:11:12] Configuration chargée []
[2025-05-28 02:11:12] URLs du service {
    "baseUrl": "https:\/\/garychartrand.progressionlive.com",
    "serviceUrl": "https:\/\/garychartrand.progressionlive.com\/server\/ws\/v2\/ProgressionWebService"
}
[2025-05-28 02:11:12] Création du service SOAP []
[2025-05-28 02:11:12] Service SOAP créé []
[2025-05-28 02:11:12] Informations d'identification créées {
    "username": "pierre@garychartrand.com"
}
[2025-05-28 02:11:12] Tentative de connexion []
[2025-05-28 02:11:12] Connexion réussie []
[2025-05-28 02:11:12] Recherche de la tâche {
    "installation": "INS011658"
}
[2025-05-28 02:11:12] Envoi de la requête SearchRecords []
[2025-05-28 02:11:12] Réponse de SearchRecords reçue []
[2025-05-28 02:11:12] Tâche trouvée {
    "task_id": 11658
}
[2025-05-28 02:11:12] Recherche des pièces jointes []
[2025-05-28 02:11:12] Envoi de la requête pour les pièces jointes {
    "task_id": 11658,
    "request": {
        "parentId": 11658,
        "recordType": "TASK_ATTACHMENT",
        "query": "parent.id = :parentId"
    }
}
[2025-05-28 02:11:13] Réponse reçue pour les pièces jointes {
    "has_records": true,
    "response_type": "object"
}
[2025-05-28 02:11:13] Structure de la réponse {
    "methods": [
        "__construct",
        "getRecords",
        "setRecords"
    ],
    "properties": []
}
[2025-05-28 02:11:13] Analyse de la réponse pour les pièces jointes {
    "reponse_null": false,
    "has_getRecords_method": true,
    "response_class": "ProgressionWebService\\SearchRecordsResponse"
}
[2025-05-28 02:11:13] Records obtenus {
    "records_null": false
}
[2025-05-28 02:11:13] Pièces jointes trouvées via getRecord() {
    "count": 7
}
[2025-05-28 02:11:13] Traitement du fichier {
    "file_class": "ProgressionWebService\\TaskAttachment",
    "file_methods": [
        "__construct",
        "getTypeRef",
        "setTypeRef",
        "getTitle",
        "setTitle",
        "getDescription",
        "setDescription",
        "getName",
        "setName",
        "getContentType",
        "setContentType",
        "getSize",
        "setSize",
        "getData",
        "setData",
        "getMetas",
        "setMetas",
        "getProperties",
        "setProperties",
        "getTags",
        "setTags",
        "getComments",
        "setComments",
        "getCreatorRef",
        "setCreatorRef",
        "getId",
        "setId",
        "getUID",
        "setUID",
        "getExternalId",
        "setExternalId",
        "getRemoved",
        "setRemoved",
        "getUpdated",
        "setUpdated",
        "getCreated",
        "setCreated"
    ],
    "file_properties": []
}
[2025-05-28 02:11:13] Traitement du fichier {
    "file_class": "ProgressionWebService\\TaskAttachment",
    "file_methods": [
        "__construct",
        "getTypeRef",
        "setTypeRef",
        "getTitle",
        "setTitle",
        "getDescription",
        "setDescription",
        "getName",
        "setName",
        "getContentType",
        "setContentType",
        "getSize",
        "setSize",
        "getData",
        "setData",
        "getMetas",
        "setMetas",
        "getProperties",
        "setProperties",
        "getTags",
        "setTags",
        "getComments",
        "setComments",
        "getCreatorRef",
        "setCreatorRef",
        "getId",
        "setId",
        "getUID",
        "setUID",
        "getExternalId",
        "setExternalId",
        "getRemoved",
        "setRemoved",
        "getUpdated",
        "setUpdated",
        "getCreated",
        "setCreated"
    ],
    "file_properties": []
}
[2025-05-28 02:11:13] Traitement du fichier {
    "file_class": "ProgressionWebService\\TaskAttachment",
    "file_methods": [
        "__construct",
        "getTypeRef",
        "setTypeRef",
        "getTitle",
        "setTitle",
        "getDescription",
        "setDescription",
        "getName",
        "setName",
        "getContentType",
        "setContentType",
        "getSize",
        "setSize",
        "getData",
        "setData",
        "getMetas",
        "setMetas",
        "getProperties",
        "setProperties",
        "getTags",
        "setTags",
        "getComments",
        "setComments",
        "getCreatorRef",
        "setCreatorRef",
        "getId",
        "setId",
        "getUID",
        "setUID",
        "getExternalId",
        "setExternalId",
        "getRemoved",
        "setRemoved",
        "getUpdated",
        "setUpdated",
        "getCreated",
        "setCreated"
    ],
    "file_properties": []
}
[2025-05-28 02:11:13] Traitement du fichier {
    "file_class": "ProgressionWebService\\TaskAttachment",
    "file_methods": [
        "__construct",
        "getTypeRef",
        "setTypeRef",
        "getTitle",
        "setTitle",
        "getDescription",
        "setDescription",
        "getName",
        "setName",
        "getContentType",
        "setContentType",
        "getSize",
        "setSize",
        "getData",
        "setData",
        "getMetas",
        "setMetas",
        "getProperties",
        "setProperties",
        "getTags",
        "setTags",
        "getComments",
        "setComments",
        "getCreatorRef",
        "setCreatorRef",
        "getId",
        "setId",
        "getUID",
        "setUID",
        "getExternalId",
        "setExternalId",
        "getRemoved",
        "setRemoved",
        "getUpdated",
        "setUpdated",
        "getCreated",
        "setCreated"
    ],
    "file_properties": []
}
[2025-05-28 02:11:13] Traitement du fichier {
    "file_class": "ProgressionWebService\\TaskAttachment",
    "file_methods": [
        "__construct",
        "getTypeRef",
        "setTypeRef",
        "getTitle",
        "setTitle",
        "getDescription",
        "setDescription",
        "getName",
        "setName",
        "getContentType",
        "setContentType",
        "getSize",
        "setSize",
        "getData",
        "setData",
        "getMetas",
        "setMetas",
        "getProperties",
        "setProperties",
        "getTags",
        "setTags",
        "getComments",
        "setComments",
        "getCreatorRef",
        "setCreatorRef",
        "getId",
        "setId",
        "getUID",
        "setUID",
        "getExternalId",
        "setExternalId",
        "getRemoved",
        "setRemoved",
        "getUpdated",
        "setUpdated",
        "getCreated",
        "setCreated"
    ],
    "file_properties": []
}
[2025-05-28 02:11:13] Traitement du fichier {
    "file_class": "ProgressionWebService\\TaskAttachment",
    "file_methods": [
        "__construct",
        "getTypeRef",
        "setTypeRef",
        "getTitle",
        "setTitle",
        "getDescription",
        "setDescription",
        "getName",
        "setName",
        "getContentType",
        "setContentType",
        "getSize",
        "setSize",
        "getData",
        "setData",
        "getMetas",
        "setMetas",
        "getProperties",
        "setProperties",
        "getTags",
        "setTags",
        "getComments",
        "setComments",
        "getCreatorRef",
        "setCreatorRef",
        "getId",
        "setId",
        "getUID",
        "setUID",
        "getExternalId",
        "setExternalId",
        "getRemoved",
        "setRemoved",
        "getUpdated",
        "setUpdated",
        "getCreated",
        "setCreated"
    ],
    "file_properties": []
}
[2025-05-28 02:11:13] Traitement du fichier {
    "file_class": "ProgressionWebService\\TaskAttachment",
    "file_methods": [
        "__construct",
        "getTypeRef",
        "setTypeRef",
        "getTitle",
        "setTitle",
        "getDescription",
        "setDescription",
        "getName",
        "setName",
        "getContentType",
        "setContentType",
        "getSize",
        "setSize",
        "getData",
        "setData",
        "getMetas",
        "setMetas",
        "getProperties",
        "setProperties",
        "getTags",
        "setTags",
        "getComments",
        "setComments",
        "getCreatorRef",
        "setCreatorRef",
        "getId",
        "setId",
        "getUID",
        "setUID",
        "getExternalId",
        "setExternalId",
        "getRemoved",
        "setRemoved",
        "getUpdated",
        "setUpdated",
        "getCreated",
        "setCreated"
    ],
    "file_properties": []
}
[2025-05-28 02:11:13] Résultat final de la recherche de pièces jointes {
    "count": 7,
    "attachments": [
        {
            "id": 30407,
            "name": "SOU011485.pdf",
            "size": 16367,
            "isTargetFile": false
        },
        {
            "id": 30432,
            "name": "EMPL_EXT.jpg",
            "size": 452549,
            "isTargetFile": false
        },
        {
            "id": 30433,
            "name": "EMPL_INT.jpg",
            "size": 284502,
            "isTargetFile": false
        },
        {
            "id": 30434,
            "name": "ESPACE_INT.jpg",
            "size": 149939,
            "isTargetFile": false
        },
        {
            "id": 30435,
            "name": "EXEMPLE_EXT.png",
            "size": 236941,
            "isTargetFile": false
        },
        {
            "id": 30436,
            "name": "PANNEAU.jpg",
            "size": 330636,
            "isTargetFile": false
        },
        {
            "id": 30440,
            "name": "PLAN.pdf",
            "size": 330364,
            "isTargetFile": false
        }
    ]
}
[2025-05-28 02:11:13] Réponse finale {
    "files_count": 7
}
[2025-05-28 02:12:27] Utilisation des données réelles de ProgressionLive []
[2025-05-28 02:12:27] Démarrage de la requête pour l'installation {
    "ins": "INS011658"
}
[2025-05-28 02:12:27] Configuration chargée []
[2025-05-28 02:12:27] URLs du service {
    "baseUrl": "https:\/\/garychartrand.progressionlive.com",
    "serviceUrl": "https:\/\/garychartrand.progressionlive.com\/server\/ws\/v2\/ProgressionWebService"
}
[2025-05-28 02:12:27] Création du service SOAP []
[2025-05-28 02:12:28] Service SOAP créé []
[2025-05-28 02:12:28] Informations d'identification créées {
    "username": "pierre@garychartrand.com"
}
[2025-05-28 02:12:28] Tentative de connexion []
[2025-05-28 02:12:28] Connexion réussie []
[2025-05-28 02:12:28] Recherche de la tâche {
    "installation": "INS011658"
}
[2025-05-28 02:12:28] Envoi de la requête SearchRecords []
[2025-05-28 02:12:28] Réponse de SearchRecords reçue []
[2025-05-28 02:12:28] Tâche trouvée {
    "task_id": 11658
}
[2025-05-28 02:12:28] Recherche des pièces jointes []
[2025-05-28 02:12:28] Envoi de la requête pour les pièces jointes {
    "task_id": 11658,
    "request": {
        "parentId": 11658,
        "recordType": "TASK_ATTACHMENT",
        "query": "parent.id = :parentId"
    }
}
[2025-05-28 02:12:29] Réponse reçue pour les pièces jointes {
    "has_records": true,
    "response_type": "object"
}
[2025-05-28 02:12:29] Structure de la réponse {
    "methods": [
        "__construct",
        "getRecords",
        "setRecords"
    ],
    "properties": []
}
[2025-05-28 02:12:29] Analyse de la réponse pour les pièces jointes {
    "reponse_null": false,
    "has_getRecords_method": true,
    "response_class": "ProgressionWebService\\SearchRecordsResponse"
}
[2025-05-28 02:12:29] Records obtenus {
    "records_null": false
}
[2025-05-28 02:12:29] Pièces jointes trouvées via getRecord() {
    "count": 7
}
[2025-05-28 02:12:29] Traitement du fichier {
    "file_class": "ProgressionWebService\\TaskAttachment",
    "file_methods": [
        "__construct",
        "getTypeRef",
        "setTypeRef",
        "getTitle",
        "setTitle",
        "getDescription",
        "setDescription",
        "getName",
        "setName",
        "getContentType",
        "setContentType",
        "getSize",
        "setSize",
        "getData",
        "setData",
        "getMetas",
        "setMetas",
        "getProperties",
        "setProperties",
        "getTags",
        "setTags",
        "getComments",
        "setComments",
        "getCreatorRef",
        "setCreatorRef",
        "getId",
        "setId",
        "getUID",
        "setUID",
        "getExternalId",
        "setExternalId",
        "getRemoved",
        "setRemoved",
        "getUpdated",
        "setUpdated",
        "getCreated",
        "setCreated"
    ],
    "file_properties": []
}
[2025-05-28 02:12:29] Traitement du fichier {
    "file_class": "ProgressionWebService\\TaskAttachment",
    "file_methods": [
        "__construct",
        "getTypeRef",
        "setTypeRef",
        "getTitle",
        "setTitle",
        "getDescription",
        "setDescription",
        "getName",
        "setName",
        "getContentType",
        "setContentType",
        "getSize",
        "setSize",
        "getData",
        "setData",
        "getMetas",
        "setMetas",
        "getProperties",
        "setProperties",
        "getTags",
        "setTags",
        "getComments",
        "setComments",
        "getCreatorRef",
        "setCreatorRef",
        "getId",
        "setId",
        "getUID",
        "setUID",
        "getExternalId",
        "setExternalId",
        "getRemoved",
        "setRemoved",
        "getUpdated",
        "setUpdated",
        "getCreated",
        "setCreated"
    ],
    "file_properties": []
}
[2025-05-28 02:12:29] Traitement du fichier {
    "file_class": "ProgressionWebService\\TaskAttachment",
    "file_methods": [
        "__construct",
        "getTypeRef",
        "setTypeRef",
        "getTitle",
        "setTitle",
        "getDescription",
        "setDescription",
        "getName",
        "setName",
        "getContentType",
        "setContentType",
        "getSize",
        "setSize",
        "getData",
        "setData",
        "getMetas",
        "setMetas",
        "getProperties",
        "setProperties",
        "getTags",
        "setTags",
        "getComments",
        "setComments",
        "getCreatorRef",
        "setCreatorRef",
        "getId",
        "setId",
        "getUID",
        "setUID",
        "getExternalId",
        "setExternalId",
        "getRemoved",
        "setRemoved",
        "getUpdated",
        "setUpdated",
        "getCreated",
        "setCreated"
    ],
    "file_properties": []
}
[2025-05-28 02:12:29] Traitement du fichier {
    "file_class": "ProgressionWebService\\TaskAttachment",
    "file_methods": [
        "__construct",
        "getTypeRef",
        "setTypeRef",
        "getTitle",
        "setTitle",
        "getDescription",
        "setDescription",
        "getName",
        "setName",
        "getContentType",
        "setContentType",
        "getSize",
        "setSize",
        "getData",
        "setData",
        "getMetas",
        "setMetas",
        "getProperties",
        "setProperties",
        "getTags",
        "setTags",
        "getComments",
        "setComments",
        "getCreatorRef",
        "setCreatorRef",
        "getId",
        "setId",
        "getUID",
        "setUID",
        "getExternalId",
        "setExternalId",
        "getRemoved",
        "setRemoved",
        "getUpdated",
        "setUpdated",
        "getCreated",
        "setCreated"
    ],
    "file_properties": []
}
[2025-05-28 02:12:29] Traitement du fichier {
    "file_class": "ProgressionWebService\\TaskAttachment",
    "file_methods": [
        "__construct",
        "getTypeRef",
        "setTypeRef",
        "getTitle",
        "setTitle",
        "getDescription",
        "setDescription",
        "getName",
        "setName",
        "getContentType",
        "setContentType",
        "getSize",
        "setSize",
        "getData",
        "setData",
        "getMetas",
        "setMetas",
        "getProperties",
        "setProperties",
        "getTags",
        "setTags",
        "getComments",
        "setComments",
        "getCreatorRef",
        "setCreatorRef",
        "getId",
        "setId",
        "getUID",
        "setUID",
        "getExternalId",
        "setExternalId",
        "getRemoved",
        "setRemoved",
        "getUpdated",
        "setUpdated",
        "getCreated",
        "setCreated"
    ],
    "file_properties": []
}
[2025-05-28 02:12:29] Traitement du fichier {
    "file_class": "ProgressionWebService\\TaskAttachment",
    "file_methods": [
        "__construct",
        "getTypeRef",
        "setTypeRef",
        "getTitle",
        "setTitle",
        "getDescription",
        "setDescription",
        "getName",
        "setName",
        "getContentType",
        "setContentType",
        "getSize",
        "setSize",
        "getData",
        "setData",
        "getMetas",
        "setMetas",
        "getProperties",
        "setProperties",
        "getTags",
        "setTags",
        "getComments",
        "setComments",
        "getCreatorRef",
        "setCreatorRef",
        "getId",
        "setId",
        "getUID",
        "setUID",
        "getExternalId",
        "setExternalId",
        "getRemoved",
        "setRemoved",
        "getUpdated",
        "setUpdated",
        "getCreated",
        "setCreated"
    ],
    "file_properties": []
}
[2025-05-28 02:12:29] Traitement du fichier {
    "file_class": "ProgressionWebService\\TaskAttachment",
    "file_methods": [
        "__construct",
        "getTypeRef",
        "setTypeRef",
        "getTitle",
        "setTitle",
        "getDescription",
        "setDescription",
        "getName",
        "setName",
        "getContentType",
        "setContentType",
        "getSize",
        "setSize",
        "getData",
        "setData",
        "getMetas",
        "setMetas",
        "getProperties",
        "setProperties",
        "getTags",
        "setTags",
        "getComments",
        "setComments",
        "getCreatorRef",
        "setCreatorRef",
        "getId",
        "setId",
        "getUID",
        "setUID",
        "getExternalId",
        "setExternalId",
        "getRemoved",
        "setRemoved",
        "getUpdated",
        "setUpdated",
        "getCreated",
        "setCreated"
    ],
    "file_properties": []
}
[2025-05-28 02:12:29] Résultat final de la recherche de pièces jointes {
    "count": 7,
    "attachments": [
        {
            "id": 30407,
            "name": "SOU011485.pdf",
            "size": 16367,
            "isTargetFile": false
        },
        {
            "id": 30432,
            "name": "EMPL_EXT.jpg",
            "size": 452549,
            "isTargetFile": false
        },
        {
            "id": 30433,
            "name": "EMPL_INT.jpg",
            "size": 284502,
            "isTargetFile": false
        },
        {
            "id": 30434,
            "name": "ESPACE_INT.jpg",
            "size": 149939,
            "isTargetFile": false
        },
        {
            "id": 30435,
            "name": "EXEMPLE_EXT.png",
            "size": 236941,
            "isTargetFile": false
        },
        {
            "id": 30436,
            "name": "PANNEAU.jpg",
            "size": 330636,
            "isTargetFile": false
        },
        {
            "id": 30440,
            "name": "PLAN.pdf",
            "size": 330364,
            "isTargetFile": false
        }
    ]
}
[2025-05-28 02:12:29] Réponse finale {
    "files_count": 7
}
